title,quality,style,r18,play,composition,girl,girlAction,male,bgBase,bgTop,bgBottom,girlTop_c,girlBottom_c,girlUnder_c,girlAction_c,clothesStatus,上下フラグ,キャラヘッダフラグ,縦横比,clothesFlg,seed
"痴漢(立)(口抑え)","masterpiece,best quality,very aesthetic,absurdres,high resolution","game cg,anime coloring,soft lighting,thin lines,pastel colors,depth of field","","1 girl,","dutch-angle,upper body,from chest up,portrait,medium close-up,upper torso,focus on upper body,from front","focus on girl,girl focus,main subject girl","","completely nude man,simple man,no face,no detail man,no hair,covering girl's mouth from behind,stand up behind the girl,","beach","sunlit,vivid blue sky,pure white sunlit clouds with soft edges,","","simple micro bikini,white bikini,very small bikini,","","","surprised,tears,looking back,covered mouth by the another,grabbing another's arm","","","1","3","11","n:2997874619,l:2476209254,l:4031150920,r:106969670,r:2737331164"
"痴漢(立)(乳揉み)","masterpiece,best quality,very aesthetic,absurdres,high resolution","game cg,anime coloring,soft lighting,thin lines,pastel colors,depth of field","","1 girl,","dutch-angle,upper body,from chest up,portrait,medium close-up,upper torso,focus on upper body,from front","focus on girl,girl focus,main subject girl,nipples","","completely nude man,simple man,no face,no detail man,no hair,grabbing girl's breast from behind over the clothes,stand up behind the girl,","beach","sunlit,vivid blue sky,pure white sunlit clouds with soft edges,","","simple micro bikini,white bikini,very small bikini,","","","upper body shot,surprised,tears,looking back,grabbing another's arm","","","1","3","11","n:2486561974,l:3415005227,r:2041487681,r:3072547273"
"痴漢(立)(乳揉み)","masterpiece,best quality,very aesthetic,absurdres,high resolution","game cg,anime coloring,soft lighting,thin lines,pastel colors,depth of field","nsfw,mosaic censoring","1 girl,","dutch-angle,upper body,from chest up,portrait,medium close-up,upper torso,focus on upper body,from front","focus on girl,girl focus,main subject girl,nipples","","completely nude man,simple man,no face,no detail man,no hair,grabbing girl's breast from behind,stand up behind the girl,","beach","sunlit,vivid blue sky,pure white sunlit clouds with soft edges,","","simple micro bikini,white bikini,very small bikini,, ","","","upper body shot,surprised,tears,looking back,grabbing another's arm","open clothes,pull up bra,","","1","3","14","n:193501457,l:2762542913,r:2855799118"
"痴漢(立)(乳揉み)","masterpiece,best quality,very aesthetic,absurdres,high resolution","game cg,anime coloring,soft lighting,thin lines,pastel colors,depth of field","nsfw,mosaic censoring","1 girl,","dutch-angle,upper body,from chest up,portrait,medium close-up,upper torso,focus on upper body,from side","focus on girl,girl focus,main subject girl,nipples","","completely nude man,simple man,no face,no detail man,no hair,grabbing girl's breast from behind,stand up behind the girl,","beach","sunlit,vivid blue sky,pure white sunlit clouds with soft edges,","","simple micro bikini,white bikini,very small bikini,, ","","","upper body shot,surprised,tears,looking back,grabbing another's arm","open clothes,pull up bra,","","1","3","14","n:1411828172,l:3745359058,l:619252056,r:1196015071,r:1641474262"
"痴漢(立)(乳太腿揉み)","masterpiece,best quality,very aesthetic,absurdres,high resolution","game cg,anime coloring,soft lighting,thin lines,pastel colors,depth of field","nsfw,mosaic censoring","1 girl,","dutch-angle,cowboy shot,portrait,medium close-up,from front,straight-on,","focus on girl,girl focus,main subject girl,nipples","","completely nude man,simple man,no face,no detail man,no hair,grabbing girl's breast from behind,touching girl's thigh,stand up behind the girl,","beach","sunlit,vivid blue sky,pure white sunlit clouds with soft edges,","","simple micro bikini,white bikini,very small bikini,, ","simple bikini panties,white bikini panties, ","","surprised,tears,looking back,","open clothes,pull up bra,","","1","3","15","l:1783099847,l:3528371546,r:1679464504,r:2266172968"
"痴漢(立)(乳太腿揉み)","masterpiece,best quality,very aesthetic,absurdres,high resolution","game cg,anime coloring,soft lighting,thin lines,pastel colors,depth of field","nsfw,mosaic censoring","1 girl,","dutch-angle,cowboy shot,head out of frame,cropped head,body focus,legs visible,from neck down,standing","focus on girl,girl focus,main subject girl,nipples","","completely nude man,simple man,no face,no detail man,no hair,grabbing girl's breast from behind,touching girl's thigh,stand up behind the girl,","beach","sunlit,vivid blue sky,pure white sunlit clouds with soft edges,","","simple micro bikini,white bikini,very small bikini,, ","simple bikini panties,white bikini panties, ","","","open clothes,pull up bra,","3","1","3","15","n:412457103"
"痴漢(立)(太腿揉み)","masterpiece,best quality,very aesthetic,absurdres,high resolution","game cg,anime coloring,soft lighting,thin lines,pastel colors,depth of field","nsfw,mosaic censoring","1 girl,","dutch-angle,lower body focus,legs focus,hip focus,thigh focus,cropped torso,from waist down,close-up,from front,thick thighs,thigh focus,upper legs,zettai ryouiki","focus on girl,girl focus,main subject girl,","","completely nude man,simple man,no face,no detail man,no hair,grabbing girl's breast from behind,touching girl's thigh,stand up behind the girl,","beach","sunlit,vivid blue sky,pure white sunlit clouds with soft edges,","","","simple bikini panties,white bikini panties, ","1","resisting,trying to break free,defensive posture,pushing away,trying to pull away,fighting back,resisting restraint,","open clothes,pull up bra,","3","1","3","20",""
"痴漢(立)(手マン)","masterpiece,best quality,very aesthetic,absurdres,high resolution","game cg,anime coloring,soft lighting,thin lines,pastel colors,depth of field","nsfw,mosaic censoring","1 girl,","lower body focus,legs focus,hip focus,thigh focus,cropped torso,from waist down,close-up,from front","focus on girl,girl focus,main subject girl","","completely nude man,simple man,no face,no detail man,no hair,stand up behind the girl,fingering,hand in the panties","beach","sunlit,vivid blue sky,pure white sunlit clouds with soft edges,","","simple micro bikini,white bikini,very small bikini,, ","simple bikini panties,white bikini panties, ","","squirting,forsed orgasm,grabbing another's arm,resisting,trying to break free,defensive posture,pushing away,trying to pull away,fighting back,resisting restraint,","open clothes,pull up bra,","3","1","3","15","n:2851829613,n:3365943148,n:3697691620"
"痴漢(立)(手マン)","masterpiece,best quality,very aesthetic,absurdres,high resolution","game cg,anime coloring,soft lighting,thin lines,pastel colors,depth of field","nsfw,mosaic censoring","1 girl,","dutch-angle,cowboy shot,portrait,medium close-up,from front","focus on girl,girl focus,main subject girl,nipples","","completely nude man,simple man,no face,no detail man,no hair,grabbing girl's breast from behind,stand up behind the girl,fingering,hand in the panties","beach","sunlit,vivid blue sky,pure white sunlit clouds with soft edges,","","simple micro bikini,white bikini,very small bikini,, ","simple bikini panties,white bikini panties, ","","leaning forward,squirting,forsed orgasm,screaming,upper body shot,surprised,tears,looking back,grabbing another's armresisting,trying to break free,defensive posture,pushing away,trying to pull away,fighting back,resisting restraint,","open clothes,pull up bra,","","1","3","15","l:3610703431,r:42971204"
"痴漢(立)(絶頂)","masterpiece,best quality,very aesthetic,absurdres,high resolution","game cg,anime coloring,soft lighting,thin lines,pastel colors,depth of field","nsfw,mosaic censoring","1 girl,","dutch-angle,from side ,side shot,side view,cowboy shot,","focus on girl,girl focus,main subject girl,nipples,covering own mouoth","","completely nude man,simple man,no face,no detail man,no hair,grabbing girl's breast from behind,stand up behind the girl,fingering,hand in the panties","beach","sunlit,vivid blue sky,pure white sunlit clouds with soft edges,","","simple micro bikini,white bikini,very small bikini,, ","simple bikini panties,white bikini panties, ","",",leaning forward,squirting,forsed orgasm,screaming,upper body shot,open clothes,surprised,tears,looking back,covering own mouth","open clothes,pull up bra,","","2","3","15","l:3489619400,r:2009204579"
"痴漢(立)(絶頂)","masterpiece,best quality,very aesthetic,absurdres,high resolution","game cg,anime coloring,soft lighting,thin lines,pastel colors,depth of field","nsfw,mosaic censoring","1 girl,","dutch-angle,from side ,side shot,side view,cowboy shot,","focus on girl,girl focus,main subject girl,nipples,covering own mouoth","","completely nude man,simple man,no face,no detail man,no hair,grabbing girl's breast from behind,stand up behind the girl,fingering,hand in the panties","beach","sunlit,vivid blue sky,pure white sunlit clouds with soft edges,","","simple micro bikini,white bikini,very small bikini,, ","simple bikini panties,white bikini panties, ","",",leaning forward,squirting,forsed orgasm,screaming,upper body shot,open clothes,surprised,tears,screaming","open clothes,pull up bra,","","2","3","15","l:2846559360,r:2785745118"
"痴漢(事後)","masterpiece,best quality,very aesthetic,absurdres,high resolution","game cg,anime coloring,soft lighting,thin lines,pastel colors,depth of field","nsfw,mosaic censoring","1 girl,solo,","dutch-angle,faces focus,from above,cowboy shot,","focus on girl,girl focus,main subject girl,nipples,pull up clothes","","","beach","sunlit,vivid blue sky,pure white sunlit clouds with soft edges,","","simple micro bikini,white bikini,very small bikini,, ","simple bikini panties,white bikini panties, ","1","wariza,Squinting,looking up,facing front,tired,terror,sad,tear,embarrassed,heavy breath,","open clothes,pull up bra,","","1","3","16","n:1682482854,l:3733367029"
"痴漢(乳揉み、服の上から)","masterpiece,best quality,very aesthetic,absurdres,high resolution","game cg,anime coloring,soft lighting,thin lines,pastel colors,depth of field","","1 girl,","dutch-angle,cowboy shot,portrait,medium close-up,from front","focus on girl,girl focus,main subject girl","","completely nude man,simple man,no face,no detail man,no hair,grabbing another's breast over the clothes,kneeling on the sand,behind the girl","beach","sunlit,vivid blue sky,pure white sunlit clouds with soft edges,","bright sand","simple micro bikini,white bikini,very small bikini,","simple bikini panties,white bikini panties, ","","blush,tears,wariza on the ,looking back","","","1","3","17","r:1667398804"
"痴漢(乳揉み)","masterpiece,best quality,very aesthetic,absurdres,high resolution","game cg,anime coloring,soft lighting,thin lines,pastel colors,depth of field","nsfw,mosaic censoring","1 girl,","dutch-angle,cowboy shot,portrait,medium close-up,from front","focus on girl,girl focus,main subject girl,nipples","","completely nude man,simple man,no face,no detail man,no hair,grabbing another's breast,kneeling on the sand,behind the girl","beach","sunlit,vivid blue sky,pure white sunlit clouds with soft edges,","bright sand","simple micro bikini,white bikini,very small bikini,, ","simple bikini panties,white bikini panties, ","1","blush,tears,wariza on the sand,looking back,covering own mouth","open clothes,","","1","3","16",""
"痴漢(手マン)","masterpiece,best quality,very aesthetic,absurdres,high resolution","game cg,anime coloring,soft lighting,thin lines,pastel colors,depth of field","nsfw,mosaic censoring","1 girl,","dutch-angle,cowboy shot,portrait,medium close-up,from front,breast focus,","focus on girl,girl focus,main subject girl,nipples","","completely nude man,simple man,no face,no detail man,no hair,fingering,grabbing another's nipple from behind,kneeling on the sand,behind the girl","beach","sunlit,vivid blue sky,pure white sunlit clouds with soft edges,","bright sand","simple micro bikini,white bikini,very small bikini,, ","simple bikini panties,white bikini panties, ","1","blush,tears,wariza on the sand,looking back","open clothes,pull up bra,","","1","3","16","l:989834414,r:3760966099"
"痴漢(手マンM字)","masterpiece,best quality,very aesthetic,absurdres,high resolution","game cg,anime coloring,soft lighting,thin lines,pastel colors,depth of field","nsfw,mosaic censoring","1 girl,","dutch-angle,cowboy shot,portrait,medium close-up,from front,crotch focus,","focus on girl,girl focus,main subject girl,feet out of frame,","","completely nude man,simple man,no face,no detail man,no hair,fingering,grabbing another's nipple from behind,kneeling on the sand,behind the girl","beach","sunlit,vivid blue sky,pure white sunlit clouds with soft edges,","bright sand","simple micro bikini,white bikini,very small bikini,, ","simple bikini panties,white bikini panties, ","1","blush,tears,embarrassed,sitting on the sand,m legs,spread legs,looking at  viewer,leaning back,","open clothes,pull up bra,","","1","3","16","n:505139814"
"痴漢(手マン股間フォーカス)","masterpiece,best quality,very aesthetic,absurdres,high resolution","game cg,anime coloring,soft lighting,thin lines,pastel colors,depth of field","nsfw,mosaic censoring","1 girl,","dutch-angle,lower body focus,legs focus,thigh focus,cropped torso,from waist down,close-up,from front,thick thighs,thigh focus,upper legs,zettai ryouiki","focus on girl,girl focus,main subject girl,crotch focus,","","completely nude man,fingering,hands in the panties,kneeling on the sand,behind the girl","beach","sunlit,vivid blue sky,pure white sunlit clouds with soft edges,","bright sand","","simple bikini panties,white bikini panties, ","1","sitting on the sand,m legs,spread legs","","","1","3","10",""
"痴漢(絶頂)","masterpiece,best quality,very aesthetic,absurdres,high resolution","game cg,anime coloring,soft lighting,thin lines,pastel colors,depth of field","nsfw,mosaic censoring","1 girl,","dutch-angle,cowboy shot,portrait,medium close-up,from front,crotch focus,","focus on girl,girl focus,main subject girl,feet out of frame,","","completely nude man,simple man,no face,no detail man,no hair,fingering,hands in the panties,grabbing another's nipple from behind,kneeling on the sand,behind the girl","beach","sunlit,vivid blue sky,pure white sunlit clouds with soft edges,","bright sand","simple micro bikini,white bikini,very small bikini,, ","simple bikini panties,white bikini panties, ","1","nipples,blush,tears,struggle,closing eyes,squirting,forsed orgasm,screaming,sitting on the sand,m legs,spread legs,grabbing another's arm bay both hands","open clothes,pull up bra,","","1","3","16","r:4110297854"
"痴漢(絶頂)","masterpiece,best quality,very aesthetic,absurdres,high resolution","game cg,anime coloring,soft lighting,thin lines,pastel colors,depth of field","nsfw,mosaic censoring","1 girl,","dutch-angle,cowboy shot,portrait,medium close-up,from front,crotch focus,","focus on girl,girl focus,main subject girl,feet out of frame,","","completely nude man,simple man,no face,no detail man,no hair,fingering,hands in the panties,grabbing another's nipple from behind,kneeling on the sand,behind the girl","beach","sunlit,vivid blue sky,pure white sunlit clouds with soft edges,","bright sand","simple micro bikini,white bikini,very small bikini,, ","simple bikini panties,white bikini panties, ","1","nipples,blush,tears,struggle,closing eyes,squirting,forsed orgasm,screaming,facing down,leaning forward,sitting on the sand,closing legs,grabbing another's arm bay both hands,","open clothes,pull up bra,","","1","3","16","l:4061078728"
"手マン、ディープキス","masterpiece,best quality,very aesthetic,absurdres,high resolution","game cg,anime coloring,soft lighting,thin lines,pastel colors,depth of field","nsfw,mosaic censoring","1 girl,","dutch-angle,cowboy shot,portrait,medium close-up,upper body shot,from side,breasts focus,","focus on girl,girl focus,main subject girl,leaning back,m legs,feet out of frame","","completely nude man,simple man,no face,no detail man,no hair,french kiss,grabbing nipple,back shot,kneeling on thesand,next to the girl,fingering,hands in the panties,","beach","sunlit,vivid blue sky,pure white sunlit clouds with soft edges,","bright sand","simple micro bikini,white bikini,very small bikini,, ","simple bikini panties,white bikini panties, ","1","drool,tears,blush,against another's body,wariza,sitting on the sand,","open clothes,pull up bra,","","1","3","16",""
"ディープキス","masterpiece,best quality,very aesthetic,absurdres,high resolution","game cg,anime coloring,soft lighting,thin lines,pastel colors,depth of field","nsfw,mosaic censoring","1 girl,","extreme close-up,portrait,head shot,face only,cropped face,upper body,focus on face,from side","focus on girl,girl focus,main subject girl,leaning back","","completely nude man,simple man,no face,no detail man,no hair,french kiss,hoiding girl's head","beach","sunlit,vivid blue sky,pure white sunlit clouds with soft edges,","bright sand","simple micro bikini,white bikini,very small bikini,","","","drool,tears,blush,struggling,resisting,trying to break free,defensive posture,pushing away,trying to pull away,fighting back,resisting restraint,sitting on the sand,","open clothes,pull up bra,","","1","3","11","n:1242270492,r:1188945637"
"痴漢(事後)","masterpiece,best quality,very aesthetic,absurdres,high resolution","game cg,anime coloring,soft lighting,thin lines,pastel colors,depth of field","nsfw,mosaic censoring","1 girl,","dutch-angle,cowboy shot,portrait,medium close-upfrom front,face focus,","focus on girl,girl focus,main subject girl,feet out of frame,","","","beach","sunlit,vivid blue sky,pure white sunlit clouds with soft edges,","bright sand","simple micro bikini,white bikini,very small bikini,, ","simple bikini panties,white bikini panties, ","1","nipples,pussy,blush,tears,tired,sad,crying,heavy breath,squirting,forsed orgasm,wariza,sitting on the sand,Squinting,spread legs,upward gaze,facing down,","open clothes,pull up bra,","","1","3","16","n:3239390542,r:66591287"
"乳首舐め","masterpiece,best quality,very aesthetic,absurdres,high resolution","game cg,anime coloring,soft lighting,thin lines,pastel colors,depth of field","nsfw,mosaic censoring","1 girl,","dutch-angle,upper body,from chest up,portrait,medium close-up,upper torso,focus on upper body,from front","focus on girl,girl focus,main subject girl,nipples","","completely nude man,simple man,no face,no detail man,no hair,licking nipples,hugging girl,back shot,next to the girl","beach","sunlit,vivid blue sky,pure white sunlit clouds with soft edges,","","simple micro bikini,white bikini,very small bikini,, ","","","tears,blush,struggling,resisting,trying to break free,defensive posture,pushing away,trying to pull away,fighting back,resisting restraint","open clothes,pull up bra,","","1","3","14","n:1443330741,n:2304054432,n:3438065403,n:673118742"
"乳首しゃぶり","masterpiece,best quality,very aesthetic,absurdres,high resolution","game cg,anime coloring,soft lighting,thin lines,pastel colors,depth of field","nsfw,mosaic censoring","1 girl,","dutch-angle,upper body,from chest up,portrait,medium close-up,upper torso,focus on upper body,from front","focus on girl,girl focus,main subject girl,nipples","","completely nude man,simple man,no face,no detail man,no hair,sucking on the nipples,hugging girl,back shot,next to the girl","beach","sunlit,vivid blue sky,pure white sunlit clouds with soft edges,","","simple micro bikini,white bikini,very small bikini,, ","","","tears,blush,struggling,resisting,trying to break free,defensive posture,pushing away,trying to pull away,fighting back,resisting restraint,","open clothes,pull up bra,","","1","3","14","n:1909008057,n:3074172196,l:1283627994,l:256888277,r:1900247818,r:658523004"
"腋舐め","masterpiece,best quality,very aesthetic,absurdres,high resolution","game cg,anime coloring,soft lighting,thin lines,pastel colors,depth of field","nsfw,mosaic censoring","1 girl,","dutch-angle,upper body,from chest up,portrait,medium close-up,upper torso,focus on upper body,from front","focus on girl,girl focus,main subject girl,looking own armspit","","completely nude man,simple man,no face,no detail man,no hair,licking armpit,grabbing arms,back shot,next to the girl","beach","sunlit,vivid blue sky,pure white sunlit clouds with soft edges,","","simple micro bikini,white bikini,very small bikini,, ","","","looking own armspit,facing down,tears,blush,screaming,throw up one arm,struggling,resisting,trying to break free,defensive posture,pushing away,trying to pull away,fighting back,resisting restraint,","open clothes,pull up bra,","","1","3","14","n:95105375"
"耳しゃぶり","masterpiece,best quality,very aesthetic,absurdres,high resolution","game cg,anime coloring,soft lighting,thin lines,pastel colors,depth of field","nsfw,mosaic censoring","1 girl,","extreme close-up,portrait,head shot,face only,cropped face,upper body,focus on face,from side","focus on girl,girl focus,main subject girl,","","completely nude man,simple man,no face,no detail man,no hair,sucking on the ear,hugging girl,back shot,next to the girl","beach","sunlit,vivid blue sky,pure white sunlit clouds with soft edges,","","simple micro bikini,white bikini,very small bikini,, ","","","tears,blush,struggling,resisting,trying to break free,defensive posture,pushing away,trying to pull away,fighting back,resisting restraint,","open clothes,pull up bra,","","1","3","14","r:3072301902"
"顔舐め","masterpiece,best quality,very aesthetic,absurdres,high resolution","game cg,anime coloring,soft lighting,thin lines,pastel colors,depth of field","nsfw,mosaic censoring","1 girl,","dutch-angle,upper body,from chest up,portrait,medium close-up,upper torso,focus on upper body,from front","focus on girl,girl focus,main subject girl,nipples","","completely nude man,simple man,no face,no detail man,no hair,licking face,hugging girl,back shot,next to the girl","beach","sunlit,vivid blue sky,pure white sunlit clouds with soft edges,","","simple micro bikini,white bikini,very small bikini,, ","","","tears,blush,struggling,resisting,trying to break free,defensive posture,pushing away,trying to pull away,fighting back,resisting restraint,","open clothes,pull up bra,","","1","3","14","n:3848946353,n:4256898150,l:1320772120,l:3164833396"
"ディープキス","masterpiece,best quality,very aesthetic,absurdres,high resolution","game cg,anime coloring,soft lighting,thin lines,pastel colors,depth of field","nsfw,mosaic censoring","1 girl,","dutch-angle,upper body,from chest up,portrait,medium close-up,upper torso,focus on upper body,from side","focus on girl,girl focus,main subject girl,nipples,against another's body","","completely nude man,simple man,no face,no detail man,no hair,french kiss,grabbing head,back shot,next to the girl,hugging girl","beach","sunlit,vivid blue sky,pure white sunlit clouds with soft edges,","","simple micro bikini,white bikini,very small bikini,, ","","","drool,tears,blush,against another's body,struggling,resisting,trying to break free,defensive posture,pushing away,trying to pull away,fighting back,resisting restraint,","open clothes,pull up bra,","","1","3","14","l:1164999256,l:2180556327,r:2517307905,r:2840871146,r:3344803648,r:605486070"
"クンニ","masterpiece,best quality,very aesthetic,absurdres,high resolution","game cg,anime coloring,soft lighting,thin lines,pastel colors,depth of field","nsfw,mosaic censoring","1 girl,cunnilingus","dutch-angle,lower body shot,from below,crotch focus,","focus on girl,girl focus,main subject girl,spread legs,pussy,leaning back,m legs,feet out of frame","","completely nude man,simple man,no face,no detail man,no hair,licking pussy,grabbing thigh,back shot,in front of the girl","beach","sunlit,vivid blue sky,pure white sunlit clouds with soft edges,","bright sand","simple micro bikini,white bikini,very small bikini,, ","simple bikini panties,white bikini panties, ","1","lying on back on the sand,tears,blush,screaming,","open clothes,pull up bra,","","1","3","16","n:1832835585,n:4233831748,l:237076810,r:233203188"
"フェラ(見せつけ)","masterpiece,best quality,very aesthetic,absurdres,high resolution","game cg,anime coloring,soft lighting,thin lines,pastel colors,depth of field","nsfw,mosaic censoring","1 girl,","upper body shot,from side,side shot,face focus,","focus on girl,girl focus,main subject girl,nipples","","completely nude man,penis,stand up in front of the girl,grabbing head","beach","","bright sand","simple micro bikini,white bikini,very small bikini,, ","simple bikini panties,white bikini panties, ","1","tears,sad,nipples,sitting,the hands against another's body","open clothes,pull up bra,","","1","3","16","l:157533627,l:2295462796,r:2089382154"
"フェラ(掴み)","masterpiece,best quality,very aesthetic,absurdres,high resolution","game cg,anime coloring,soft lighting,thin lines,pastel colors,depth of field","nsfw,mosaic censoring","1 girl,","dutch-angle,upper body,from chest up,portrait,medium close-up,upper torso,focus on upper body,from front","focus on girl,girl focus,main subject girl,nipples","","completely nude man,penis,stand up in front of the girl,grabbing head","beach","","bright sand","simple micro bikini,white bikini,very small bikini,, ","simple bikini panties,white bikini panties, ","1","tears,sad,nipples,wariza,grabbing penis by both hands,the hands against another's body","open clothes,pull up bra,","","1","3","16","n:35547119,n:3826956911,n:4195594507,l:3293330060,l:4118203085"
"フェラ(フェラ)","masterpiece,best quality,very aesthetic,absurdres,high resolution","game cg,anime coloring,soft lighting,thin lines,pastel colors,depth of field","nsfw,mosaic censoring","1 girl,","dutch-angle,upper body,from chest up,portrait,medium close-up,upper torso,focus on upper body,from front","focus on girl,girl focus,main subject girl,nipples","","completely nude man,penis,stand up in front of the girl,grabbing head","beach","","bright sand","simple micro bikini,white bikini,very small bikini,, ","simple bikini panties,white bikini panties, ","1","tears,sad,nipples,open clothes,fellatio,wariza,grabbing penis by both hands,","open clothes,pull up bra,","","1","3","16","n:1244414729,n:167993025,n:2180984228,l:2666800193,l:3107743033,l:3248553091,r:1044846879,r:3219084415,r:644210981"
"フェラ(フェラ上から)","masterpiece,best quality,very aesthetic,absurdres,high resolution","game cg,anime coloring,soft lighting,thin lines,pastel colors,depth of field","nsfw,mosaic censoring","1 girl,","extreme close-up,portrait,head shot,face only,cropped face,upper body,focus on face,from above","focus on girl,girl focus,main subject girl,nipples","","completely nude man,pov crotch,simple man,no face,no detail man,no hair,penis,stand up in front of the girl,","beach","","bright sand","simple micro bikini,white bikini,very small bikini,, ","simple bikini panties,white bikini panties, ","1","tears,sad,nipples,open clothes,fellatio,wariza,grabbing penis by both hands,","open clothes,pull up bra,","","1","3","16","n:164971579,n:16541292,l:2566160629,l:3496116713,l:3928035837,l:4104386195,r:1929705214,r:2827684544,r:674644555"
"フェラ","masterpiece,best quality,very aesthetic,absurdres,high resolution","game cg,anime coloring,soft lighting,thin lines,pastel colors,depth of field","nsfw,mosaic censoring","1 girl,","extreme close-up,portrait,head shot,face only,cropped face,upper body,focus on face,from front","focus on girl,girl focus,main subject girl,nipples","","completely nude man,penis,stand up in front of the girl,grabbing head","beach","","bright sand","simple micro bikini,white bikini,very small bikini,, ","simple bikini panties,white bikini panties, ","1","tears,sad,nipples,open clothes,fellatio,wariza,grabbing penis by both hands,","open clothes,pull up bra,","","1","3","16","n:241857763,l:2884985682,r:1700759439,r:2029466447,r:3664514117,r:79351064"
"フェラ","masterpiece,best quality,very aesthetic,absurdres,high resolution","game cg,anime coloring,soft lighting,thin lines,pastel colors,depth of field","nsfw,mosaic censoring","1 girl,","extreme close-up,portrait,head shot,face only,cropped face,upper body,focus on face,from front","focus on girl,girl focus,main subject girl,nipples","","completely nude man,pov crotch,simple man,no face,no detail man,no hair,penis,stand up in front of the girl,","beach","","bright sand","simple micro bikini,white bikini,very small bikini,, ","simple bikini panties,white bikini panties, ","1","tears,sad,nipples,open clothes,fellatio,wariza,grabbing penis by both hands,","open clothes,pull up bra,","","1","3","16","n:3792946961,n:598320529,n:827564141,l:1425521592,l:3111404460,r:2250018948,r:3427644604,r:467974310,r:876020372"
"パイズリ","masterpiece,best quality,very aesthetic,absurdres,high resolution","game cg,anime coloring,soft lighting,thin lines,pastel colors,depth of field","nsfw,mosaic censoring","1 girl,","from above,girl focus,face focus,","focus on girl,girl focus,main subject girl,sitting,nipples","","penis,out of frame,cropped man's thigh,cropped man's legs,completely nude man,pov crotch,pov legs,stand up","beach","","bright sand","simple micro bikini,white bikini,very small bikini,, ","simple bikini panties,white bikini panties, ","1","upward gaze,tears,sad,nipples,open clothes,paizuri,grabbing own breast,","open clothes,pull up bra,","","1","3","16","n:846339381,r:153223633,r:1812075451,r:3653750853"
"パイズリ","masterpiece,best quality,very aesthetic,absurdres,high resolution","game cg,anime coloring,soft lighting,thin lines,pastel colors,depth of field","nsfw,mosaic censoring","1 girl,","from above,girl focus,face focus,","focus on girl,girl focus,main subject girl,sitting,nipples","","penis,out of frame,cropped man's thigh,cropped man's legs,completely nude man,pov crotch,pov legs,stand up,cum shot","beach","","bright sand","simple micro bikini,white bikini,very small bikini,, ","simple bikini panties,white bikini panties, ","1","upward gaze,facial,bukkake,surprised,tears,sad,nipples,open clothes,paizuri,grabbing own breast,","open clothes,pull up bra,","","1","3","16","n:1204674883,r:2024065439,r:36949202"
"パイズリ","masterpiece,best quality,very aesthetic,absurdres,high resolution","game cg,anime coloring,soft lighting,thin lines,pastel colors,depth of field","nsfw,mosaic censoring","1 girl,","extreme close-up,portrait,head shot,face only,cropped face,upper body,focus on face,from front","focus on girl,girl focus,main subject girl,sitting,nipples","","penis,out of frame,cropped man's thigh,cropped man's legs,completely nude man,pov crotch,pov legs,stand up","beach","","bright sand","simple micro bikini,white bikini,very small bikini,, ","simple bikini panties,white bikini panties, ","1","upward gaze,tears,sad,nipples,open clothes,paizuri,grabbing own breast,","open clothes,pull up bra,","","1","3","16","n:3753679804,l:2726969819,l:2840686624,r:1459354520,r:3559701339"
"パイズリ","masterpiece,best quality,very aesthetic,absurdres,high resolution","game cg,anime coloring,soft lighting,thin lines,pastel colors,depth of field","nsfw,mosaic censoring","1 girl,","extreme close-up,portrait,head shot,face only,cropped face,upper body,focus on face,from front","focus on girl,girl focus,main subject girl,sitting,nipples","","penis,out of frame,cropped man's thigh,cropped man's legs,completely nude man,pov crotch,pov legs,stand up,cum shot","beach","","bright sand","simple micro bikini,white bikini,very small bikini,, ","simple bikini panties,white bikini panties, ","1","upward gaze,facial,bukkake,surprised,tears,sad,nipples,open clothes,paizuri,grabbing own breast,","open clothes,pull up bra,","","1","3","16",""
"またがった状態でのパイズリ","masterpiece,best quality,very aesthetic,absurdres,high resolution","game cg,anime coloring,soft lighting,thin lines,pastel colors,depth of field","nsfw,mosaic censoring","1 girl,straddling paizuri","from above,girl focus,face focus,","focus on girl,girl focus,main subject girl,cropped torso,nipples","looking at viewer,lying on back on the sand,rising arm,","penis,out of frame,completely nude man,pov crotch,pov,grabbing breast","beach","","bright sand","simple micro bikini,white bikini,very small bikini,, ","","","upward gaze,facial,bukkake,struggling,screaming,facing away,averting eyes,surprised,tears,sad,nipples,paizuri,","open clothes,pull up bra,","","1","3","14","n:746600000,l:1203395544,l:2309407631,l:3145228811,l:3249892962,r:2157920169,r:29059592"
"またがった状態でのパイズリ(顔射)","masterpiece,best quality,very aesthetic,absurdres,high resolution","game cg,anime coloring,soft lighting,thin lines,pastel colors,depth of field","nsfw,mosaic censoring","1 girl,straddling paizuri","from above,girl focus,face focus,","focus on girl,girl focus,main subject girl,cropped torso,nipples","looking at viewer,lying on back on the sand,rising arm,","penis,out of frame,completely nude man,pov crotch,pov,cum shot,grabbing breast","beach","","bright sand","simple micro bikini,white bikini,very small bikini,, ","","","upward gaze,facial,bukkake,struggling,screaming,facing away,averting eyes,surprised,tears,sad,nipples,paizuri,","open clothes,pull up bra,","","1","3","14","n:191731983,l:1318238450,l:1775267812,r:1861771035,r:2044016012,r:3998285183,r:4203423178"
"またがった状態でのパイズリ","masterpiece,best quality,very aesthetic,absurdres,high resolution","game cg,anime coloring,soft lighting,thin lines,pastel colors,depth of field","nsfw,mosaic censoring","1 girl,straddling paizuri","from side,girl focus,face focus,","focus on girl,girl focus,main subject girl,cropped torso,nipples","looking at viewer,lying on back on the sand,rising arm,","penis,out of frame,completely nude man,cum shot,grabbing breast","beach","","bright sand","simple micro bikini,white bikini,very small bikini,, ","","","upward gaze,facial,bukkake,struggling,facing away,closing eyes,surprised,tears,sad,nipples,paizuri,","open clothes,pull up bra,","1","1","3","14","n:1218788798,n:1281654536,n:190237919,n:2311608957,l:1788005777,l:2889401147,l:729632502,r:13156357"
"またがった状態でのパイズリ","masterpiece,best quality,very aesthetic,absurdres,high resolution","game cg,anime coloring,soft lighting,thin lines,pastel colors,depth of field","nsfw,mosaic censoring","1 girl,","extreme close-up,portrait,head shot,face only,cropped face,upper body,focus on face,from front","focus on girl,girl focus,main subject girl,cropped torso,nipples","looking at viewer,lying on back on the ,rising arm,","","beach","","bright sand","simple micro bikini,white bikini,very small bikini,, ","","","upward gaze,facial,bukkake,struggling,facing away,closing eyes,surprised,tears,sad,nipples,paizuri,","open clothes,pull up bra,","","1","3","14","l:3968311242,l:59794702,l:753799543,r:2555816562,r:509902895"
"立バック","masterpiece,best quality,very aesthetic,absurdres,high resolution","game cg,anime coloring,soft lighting,thin lines,pastel colors,depth of field","nsfw,mosaic censoring","girl,solo","dutch-angle,from behind,","focus on girl,girl focus,main subject girl,nipples,leaning forward,","against  rock,looking back,facing back,crying,terror,sad,tear,embarrassed,heavy breath,","","beach","sunlit,vivid blue sky,pure white sunlit clouds with soft edges,","","simple micro bikini,white bikini,very small bikini,, ","simple bikini panties,white bikini panties, ","","","open clothes,pull up bra,","","1","3","15","n:1702613339,n:1734941881,l:291843227,l:3230855463,r:94744322"
"立バック","masterpiece,best quality,very aesthetic,absurdres,high resolution","game cg,anime coloring,soft lighting,thin lines,pastel colors,depth of field","nsfw,mosaic censoring","1 girl,sex from behind","girl focus,focus on girl,main subject,portrait,close-up,boy partially visible,from side,side view,side shot,","focus on girl,girl focus,main subject girl,nipples","leaning forward,","completely nude man,simple man,no face,no detail man,no hair,penetrating,standing,grabbing waist,","beach","sunlit,vivid blue sky,pure white sunlit clouds with soft edges,","","simple micro bikini,white bikini,very small bikini,, ","simple bikini panties,white bikini panties, ","","against  rock,looking ahead,facing ahead,dripping semen,forsed orgasm,squirting,penetrated,crying,terror,sad,tear,embarrassed,heavy breath,","open clothes,pull up bra,","1","1","3","15","l:3784415810,l:727861427,r:3432247331"
"立バック","masterpiece,best quality,very aesthetic,absurdres,high resolution","game cg,anime coloring,soft lighting,thin lines,pastel colors,depth of field","nsfw,mosaic censoring","1 girl,sex from behind","girl focus,focus on girl,main subject,portrait,close-up,boy partially visible,from side,side view,side shot,","focus on girl,girl focus,main subject girl,nipples","leaning forward,","completely nude man,simple man,no face,no detail man,no hair,penetrating,standing,grabbing waist,","beach","sunlit,vivid blue sky,pure white sunlit clouds with soft edges,","","simple micro bikini,white bikini,very small bikini,, ","simple bikini panties,white bikini panties, ","","against  rock,looking back,facing back,dripping semen,forsed orgasm,squirting,penetrated,crying,terror,sad,tear,embarrassed,heavy breath,","open clothes,pull up bra,","1","1","3","15","n:3955204290,l:3718979035"
"立バック","masterpiece,best quality,very aesthetic,absurdres,high resolution","game cg,anime coloring,soft lighting,thin lines,pastel colors,depth of field","nsfw,mosaic censoring","1 girl,sex from behind","girl focus,focus on girl,main subject,portrait,close-up,boy partially visible,from behind,","focus on girl,girl focus,main subject girl,nipples","","completely nude man,simple man,no face,no detail man,no hair,penetrating,standing,grabbing waist,","beach","sunlit,vivid blue sky,pure white sunlit clouds with soft edges,","","simple micro bikini,white bikini,very small bikini,, ","simple bikini panties,white bikini panties, ","","against  rock,looking back,facing back,dripping semen,forsed orgasm,squirting,penetrated,crying,terror,sad,tear,embarrassed,heavy breath,","open clothes,pull up bra,","1","1","3","15","l:2284426370,r:1843017402,r:2513513927,r:4132195172"
"立バック(足上げ)","masterpiece,best quality,very aesthetic,absurdres,high resolution","game cg,anime coloring,soft lighting,thin lines,pastel colors,depth of field","nsfw,mosaic censoring","1 girl,sex from behind","girl focus,focus on girl,main subject,portrait,close-up,boy partially visible,from behind,","focus on girl,girl focus,main subject girl,nipples","leaning forward,","completely nude man,simple man,no face,no detail man,no hair,penetrating,standing,grabbing leg,","beach","sunlit,vivid blue sky,pure white sunlit clouds with soft edges,","","simple micro bikini,white bikini,very small bikini,, ","simple bikini panties,white bikini panties, ","","against  rock,leg up,looking back,facing ahead,dripping semen,forsed orgasm,squirting,penetrated,crying,terror,sad,tear,embarrassed,heavy breath,","open clothes,pull up bra,","1","1","3","15","n:2594909300,n:3425889298,l:2998782173,r:2670254630"
"立バック(腕掴み)","masterpiece,best quality,very aesthetic,absurdres,high resolution","game cg,anime coloring,soft lighting,thin lines,pastel colors,depth of field","nsfw,mosaic censoring","1 girl,sex from behind","girl focus,focus on girl,main subject,portrait,close-up,boy partially visible,dutch-angle,from front,straight-on,","focus on girl,girl focus,main subject girl,nipples","leaning forward,","completely nude man,simple man,no face,no detail man,no hair,penetrating,standing,grabbing wrist,","beach","sunlit,vivid blue sky,pure white sunlit clouds with soft edges,","","simple micro bikini,white bikini,very small bikini,, ","simple bikini panties,white bikini panties, ","","looking back,facing ahead,dripping semen,forsed orgasm,squirting,penetrated,crying,terror,sad,tear,embarrassed,heavy breath,","open clothes,pull up bra,","1","1","3","15","l:2442628622,r:1357957389,r:2994559980,r:841161960"
"立バック","masterpiece,best quality,very aesthetic,absurdres,high resolution","game cg,anime coloring,soft lighting,thin lines,pastel colors,depth of field","nsfw,mosaic censoring","1 girl,sex from behind","girl focus,focus on girl,main subject,portrait,close-up,boy partially visible,dutch-angle,from front,straight-on,","focus on girl,girl focus,main subject girl,nipples","leaning forward,","completely nude man,simple man,no face,no detail man,no hair,penetrating,standing,grabbing wrist,","beach","sunlit,vivid blue sky,pure white sunlit clouds with soft edges,","","simple micro bikini,white bikini,very small bikini,, ","simple bikini panties,white bikini panties, ","","looking at viewer,facing viewer,dripping semen,forsed orgasm,squirting,penetrated,crying,terror,sad,tear,embarrassed,heavy breath,","open clothes,pull up bra,","1","1","3","15","n:1962128834,r:1106052759,r:3258244719,r:3355949465"
"立バック(腕掴み横)","masterpiece,best quality,very aesthetic,absurdres,high resolution","game cg,anime coloring,soft lighting,thin lines,pastel colors,depth of field","nsfw,mosaic censoring","1 girl,sex from behind","girl focus,focus on girl,main subject,portrait,close-up,boy partially visible,dutch-angle,from side,side vediw,side shot,","focus on girl,girl focus,main subject girl,nipples","leaning forward,","completely nude man,simple man,no face,no detail man,no hair,penetrating,standing,grabbing wrist,","beach","sunlit,vivid blue sky,pure white sunlit clouds with soft edges,","","simple micro bikini,white bikini,very small bikini,, ","simple bikini panties,white bikini panties, ","","looking ahead,facing ahead,dripping semen,forsed orgasm,squirting,penetrated,crying,terror,sad,tear,embarrassed,heavy breath,","open clothes,pull up bra,","1","1","3","15","l:3236598100"
"立バック","masterpiece,best quality,very aesthetic,absurdres,high resolution","game cg,anime coloring,soft lighting,thin lines,pastel colors,depth of field","nsfw,mosaic censoring","1 girl,sex from behind","girl focus,focus on girl,main subject,portrait,close-up,boy partially visible,dutch-angle,from front,straight-on,","focus on girl,girl focus,main subject girl,nipples","sex from behind,","completely nude man,simple man,no face,no detail man,no hair,penetrating,standing,grabbing breasts,","beach","sunlit,vivid blue sky,pure white sunlit clouds with soft edges,","","simple micro bikini,white bikini,very small bikini,, ","simple bikini panties,white bikini panties, ","","looking at viewer,facing viewer,dripping semen,forsed orgasm,squirting,penetrated,crying,terror,sad,tear,embarrassed,heavy breath,","open clothes,pull up bra,","1","1","3","15","l:1442608963,r:2828563842,r:3562366692"
"立バック","masterpiece,best quality,very aesthetic,absurdres,high resolution","game cg,anime coloring,soft lighting,thin lines,pastel colors,depth of field","nsfw,mosaic censoring","1 girl,sex from behind","girl focus,focus on girl,main subject,portrait,close-up,boy partially visible,dutch-angle,from front,straight-on,","focus on girl,girl focus,main subject girl,nipples","sex from behind,","completely nude man,simple man,no face,no detail man,no hair,penetrating,standing,grabbing breasts,","beach","sunlit,vivid blue sky,pure white sunlit clouds with soft edges,","","simple micro bikini,white bikini,very small bikini,, ","simple bikini panties,white bikini panties, ","","looking back,facing ahead,leaning forward,dripping semen,forsed orgasm,squirting,penetrated,crying,terror,sad,tear,embarrassed,heavy breath,","open clothes,pull up bra,","1","1","3","15","n:683462703,l:2076818676,l:3024352531"
"立バック","masterpiece,best quality,very aesthetic,absurdres,high resolution","game cg,anime coloring,soft lighting,thin lines,pastel colors,depth of field","nsfw,mosaic censoring","1 girl,sex from behind","girl focus,focus on girl,main subject,portrait,close-up,boy partially visible,dutch-angle,from front,straight-on,","focus on girl,girl focus,main subject girl,nipples","","completely nude man,simple man,no face,no detail man,no hair,penetrating,standing,hugging from behind","beach","sunlit,vivid blue sky,pure white sunlit clouds with soft edges,","","simple micro bikini,white bikini,very small bikini,, ","simple bikini panties,white bikini panties, ","","looking back,facing ahead,leaning forward,dripping semen,forsed orgasm,squirting,penetrated,crying,terror,sad,tear,embarrassed,heavy breath,","open clothes,pull up bra,","1","1","3","15","n:2524974479,l:2081247323"
"立バック","masterpiece,best quality,very aesthetic,absurdres,high resolution","game cg,anime coloring,soft lighting,thin lines,pastel colors,depth of field","nsfw,mosaic censoring","1 girl,sex from behind","girl focus,focus on girl,main subject,portrait,close-up,boy partially visible,dutch-angle,from front,straight-on,","focus on girl,girl focus,main subject girl,nipples","","completely nude man,simple man,no face,no detail man,no hair,penetrating,standing,hugging from behind","beach","sunlit,vivid blue sky,pure white sunlit clouds with soft edges,","","simple micro bikini,white bikini,very small bikini,, ","simple bikini panties,white bikini panties, ","","looking at viewer,facing viewer,dripping semen,forsed orgasm,squirting,penetrated,crying,terror,sad,tear,embarrassed,heavy breath,","open clothes,pull up bra,","1","1","3","15","n:2177596339,r:3879746751"
"立バック(胸部フォーカス)","masterpiece,best quality,very aesthetic,absurdres,high resolution","game cg,anime coloring,soft lighting,thin lines,pastel colors,depth of field","nsfw,mosaic censoring","1 girl,sex from behind","girl focus,focus on girl,main subject,portrait,close-up,boy partially visible,dutch-angle,upper body,torso focus,cropped head,head out of frame,neck down,from shoulders to waist,body focus,from front","focus on girl,girl focus,main subject girl,nipples","","completely nude man,standing,hugging from behind","beach","sunlit,vivid blue sky,pure white sunlit clouds with soft edges,","","simple micro bikini,white bikini,very small bikini,, ","simple bikini panties,white bikini panties, ","","facing viewer,struggling,","open clothes,pull up bra,","3","1","3","15","n:1965100257,n:3371928133,n:3598626374,l:2515530447"
"バック","masterpiece,best quality,very aesthetic,absurdres,high resolution","game cg,anime coloring,soft lighting,thin lines,pastel colors,depth of field","nsfw,mosaic censoring","1 girl,sex from behind","girl focus,focus on girl,main subject,portrait,close-up,boy partially visible,from front","focus on girl,girl focus,main subject girl,nipples","The chin is touching the sand,The body is facing the sand,top-down bottom-up.,the head put on the sand,sex from behind,","completely nude man,simple man,no face,no detail man,no hair,sex from behind,grabbing ass,","beach","sunlit,vivid blue sky,pure white sunlit clouds with soft edges,","bright sand","simple micro bikini,white bikini,very small bikini,, ","simple bikini panties,white bikini panties, ","1","Squinting,nipples,breasts,The chin is touching the sand,The body is facing the sand,top-down bottom-up.,the head put on the sand,ground grab,looking at viewer,facing down,character focus,crying,tear,sad,heavy breath,screaming,","open clothes,pull up bra,","2","1","1","16","n:478434675,l:1295188233,l:3998944844,r:1581389247,r:2915370175"
"バック","masterpiece,best quality,very aesthetic,absurdres,high resolution","game cg,anime coloring,soft lighting,thin lines,pastel colors,depth of field","nsfw,mosaic censoring","1 girl,sex from behind","girl focus,focus on girl,main subject,portrait,close-up,boy partially visible,from side,side shot,side view","focus on girl,girl focus,main subject girl,nipples","The chin is touching the sand,The body is facing the sand,top-down bottom-up.,the head put on the sand,sex from behind,","completely nude man,simple man,no face,no detail man,no hair,sex from behind,grabbing ass,","beach","sunlit,vivid blue sky,pure white sunlit clouds with soft edges,","bright sand","simple micro bikini,white bikini,very small bikini,, ","simple bikini panties,white bikini panties, ","1","Squinting,nipples,breasts,The chin is touching the sand,The body is facing the sand,looking ahead,facing down,character focus,top-down bottom-up.,the head put on the sand,crying,tear,sad,heavy breath,screaming,","open clothes,pull up bra,","2","1","1","16","n:1358156167,n:2645634990,l:455010731,r:1679195341,r:1990381931,r:2664562499"
"バック","masterpiece,best quality,very aesthetic,absurdres,high resolution","game cg,anime coloring,soft lighting,thin lines,pastel colors,depth of field","nsfw,mosaic censoring","1 girl,sex from behind","girl focus,focus on girl,main subject,portrait,close-up,boy partially visible,from above,dutch-angle","focus on girl,girl focus,main subject girl","The chin is touching the sand,The body is facing the sand,top-down bottom-up.,the head put on the sand,sex from behind,","completely nude man,pov,sex from behind,grabbing ass,","beach","sunlit,vivid blue sky,pure white sunlit clouds with soft edges,","bright sand","simple micro bikini,white bikini,very small bikini,, ","simple bikini panties,white bikini panties, ","1","Squinting,The chin is touching the sand,The body is facing the sand,looking ahead,facing down,character focus,top-down bottom-up.,the head put on the sand,crying,tear,sad,heavy breath,screaming,","open clothes,pull up bra,","","1","3","16","r:3199574277"
"バック","masterpiece,best quality,very aesthetic,absurdres,high resolution","game cg,anime coloring,soft lighting,thin lines,pastel colors,depth of field","nsfw,mosaic censoring","1 girl,doggystyle,","girl focus,focus on girl,main subject,portrait,close-up,boy partially visible,from side,character focus,","focus on girl,girl focus,main subject girl,nipples","leaning forward,all fours,","completely nude man,simple man,no face,no detail man,no hair,sex from behind,grabbing waist,","beach","sunlit,vivid blue sky,pure white sunlit clouds with soft edges,","bright sand","simple micro bikini,white bikini,very small bikini,, ","simple bikini panties,white bikini panties, ","1","screaming,nipples,Squinting,looking down,facing below,crying,tear,sad,heavy breath,","open clothes,pull up bra,","","1","1","16","n:3845638176,r:2860972629"
"バック","masterpiece,best quality,very aesthetic,absurdres,high resolution","game cg,anime coloring,soft lighting,thin lines,pastel colors,depth of field","nsfw,mosaic censoring","1 girl,doggystyle,","girl focus,focus on girl,main subject,portrait,close-up,boy partially visible,straight-on,upper body shot,face focus,dutch-angle","focus on girl,girl focus,main subject girl,nipples","all fours,","completely nude man,simple man,no face,no detail man,no hair,sex from behind,grabbing waist,","beach","sunlit,vivid blue sky,pure white sunlit clouds with soft edges,","bright sand","simple micro bikini,white bikini,very small bikini,, ","simple bikini panties,white bikini panties, ","1","screaming,nipples,Squinting,looking down,facing below,crying,tear,sad,heavy breath,","open clothes,pull up bra,","1","1","1","16","n:3038158880,n:903839868,l:392171029,l:912088957,r:3360334072,r:3386556337"
"寝バック","masterpiece,best quality,very aesthetic,absurdres,high resolution","game cg,anime coloring,soft lighting,thin lines,pastel colors,depth of field","nsfw,mosaic censoring","1 girl,prone bone,","girl focus,focus on girl,main subject,portrait,close-up,boy partially visible,straight-on,upper body shot,cropped torso,face focus","focus on girl,girl focus,main subject girl,nipples","","completely nude man,simple man,no face,no detail man,no hair,sex from behind,grabbing shoulder","beach","sunlit,vivid blue sky,pure white sunlit clouds with soft edges,","bright sand","simple micro bikini,white bikini,very small bikini,, ","simple bikini panties,white bikini panties, ","1","breast press,Squinting,looking ahead,facing down,crying,tear,sad,heavy breath,screaming,","open clothes,pull up bra,","1","1","1","16","n:3919497317,l:1232728461,l:1956213023,l:2019754528,r:2436307243,r:2920730244"
"寝バック","masterpiece,best quality,very aesthetic,absurdres,high resolution","game cg,anime coloring,soft lighting,thin lines,pastel colors,depth of field","nsfw,mosaic censoring","1 girl,prone bone,","girl focus,focus on girl,main subject,portrait,close-up,boy partially visible,straight-on,extreme close-up,portrait,head shot,face only,cropped face,upper body,focus on face,from front,","focus on girl,girl focus,main subject girl,nipples","","completely nude man,simple man,no face,no detail man,no hair,sex from behind,grabbing shoulder","beach","sunlit,vivid blue sky,pure white sunlit clouds with soft edges,","bright sand","simple micro bikini,white bikini,very small bikini,, ","simple bikini panties,white bikini panties, ","1","breast press,Squinting,looking ahead,facing down,crying,tear,sad,heavy breath,screaming,","open clothes,pull up bra,","3","1","1","16","n:1480063867,n:2066559641,n:3403198815"
"寝バック","masterpiece,best quality,very aesthetic,absurdres,high resolution","game cg,anime coloring,soft lighting,thin lines,pastel colors,depth of field","nsfw,mosaic censoring","1 girl,prone bone,","girl focus,focus on girl,main subject,portrait,close-up,boy partially visible,straight-on,upper body shot,cropped torso,face focus","focus on girl,girl focus,main subject girl,nipples","","completely nude man,simple man,no face,no detail man,no hair,sex from behind,grabbing shoulder","beach","sunlit,vivid blue sky,pure white sunlit clouds with soft edges,","bright sand","simple micro bikini,white bikini,very small bikini,, ","simple bikini panties,white bikini panties, ","1","breast press,Squinting,looking ahead,facing down,the head put on the sand,the chin put on the sand,crying,tear,sad,heavy breath","open clothes,pull up bra,","2","1","1","16","n:2972318414,l:4250759541,r:2997297047"
"寝バック","masterpiece,best quality,very aesthetic,absurdres,high resolution","game cg,anime coloring,soft lighting,thin lines,pastel colors,depth of field","nsfw,mosaic censoring","1 girl,prone bone,","girl focus,focus on girl,main subject,portrait,close-up,boy partially visible,side shot,side view,cropped torso,","focus on girl,girl focus,main subject girl,nipples","","completely nude man,simple man,no face,no detail man,no hair,sex from behind,grabbing shoulder","beach","sunlit,vivid blue sky,pure white sunlit clouds with soft edges,","bright sand","simple micro bikini,white bikini,very small bikini,, ","simple bikini panties,white bikini panties, ","1","breast press,Squinting,looking ahead,facing down,the head put on the sand,screaming,crying,tear,sad,heavy breath,","open clothes,pull up bra,","2","1","1","16","l:972124005,r:1117154044,r:1340310091"
"正常位","masterpiece,best quality,very aesthetic,absurdres,high resolution","game cg,anime coloring,soft lighting,thin lines,pastel colors,depth of field","nsfw,mosaic censoring","1 girl,missionary","girl focus,focus on girl,main subject,portrait,close-up,boy partially visible,dutch-angle,from above,","focus on girl,girl focus,main subject girl,nipples,cowboy shot","m legs,(looking at viewer | looking away),(open eyes | closing eyes),the head on the sand,lying on back on the sand,","completely nude man,simple man,no face,no detail man,no hair,povpenis,grabbing thigh,imminent penetration,","beach","","bright sand","simple micro bikini,white bikini,very small bikini,, ","simple bikini panties,white bikini panties, ","1","m legs,the head on the sand,lying on back on the sand,tears,blush,screaming,Throw up one's hands,","open clothes,pull up bra,","3","1","3","16","n:1843005144,n:2356514639,n:2824232664,n:573582343"
"正常位","masterpiece,best quality,very aesthetic,absurdres,high resolution","game cg,anime coloring,soft lighting,thin lines,pastel colors,depth of field","nsfw,mosaic censoring","1 girl,missionary","girl focus,focus on girl,main subject,portrait,close-up,boy partially visible,dutch-angle,from side,side shot,side view","focus on girl,girl focus,main subject girl,nipples,cowboy shot","m legs,(looking at viewer | looking away),(open eyes | closing eyes),the head on the sand,lying on back on the sand,","completely nude man,simple man,no face,no detail man,no hair,povpenis,grabbing thigh,imminent penetration,","beach","","bright sand","simple micro bikini,white bikini,very small bikini,, ","simple bikini panties,white bikini panties, ","1","m legs,the head on the sand,lying on back on the sand,tears,blush,screaming,Throw up one's hands,","open clothes,pull up bra,","3","1","3","16","n:1680834402,n:1842957085,n:243938627,n:966050124"
"正常位","masterpiece,best quality,very aesthetic,absurdres,high resolution","game cg,anime coloring,soft lighting,thin lines,pastel colors,depth of field","nsfw,mosaic censoring","1 girl,missionary","girl focus,focus on girl,main subject,portrait,close-up,boy partially visible,dutch-angle,from above,","focus on girl,girl focus,main subject girl,nipples,cowboy shot","m legs,(looking at viewer | looking away),(open eyes | closing eyes),the head on the sand,lying on back on the sand,","completely nude man,simple man,no face,no detail man,no hair,povpenis,grabbing thigh,penetration,","beach","","bright sand","simple micro bikini,white bikini,very small bikini,, ","simple bikini panties,white bikini panties, ","1","m legs,the head on the sand,lying on back on the sand,tears,blush,screaming,Throw up one's hands,","open clothes,pull up bra,","","1","3","16","n:4030566221,n:4039472920,l:3193828781,l:4133805576"
"正常位","masterpiece,best quality,very aesthetic,absurdres,high resolution","game cg,anime coloring,soft lighting,thin lines,pastel colors,depth of field","nsfw,mosaic censoring","1 girl,missionary","girl focus,focus on girl,main subject,portrait,close-up,boy partially visible,dutch-angle,from side,side shot,side view","focus on girl,girl focus,main subject girl,nipples,cowboy shot","m legs,(looking at viewer | looking away),(open eyes | closing eyes),the head on the sand,lying on back on the sand,","completely nude man,simple man,no face,no detail man,no hair,povpenis,grabbing thigh,penetration,","beach","","bright sand","simple micro bikini,white bikini,very small bikini,, ","simple bikini panties,white bikini panties, ","1","m legs,the head on the sand,lying on back on the sand,tears,blush,screaming,Throw up one's hands,","open clothes,pull up bra,","","1","3","16","n:2642405077,n:4165592098,l:958521672,r:2554683695"
"正常位(目隠し)","masterpiece,best quality,very aesthetic,absurdres,high resolution","game cg,anime coloring,soft lighting,thin lines,pastel colors,depth of field","nsfw,mosaic censoring","1 girl,missionary","girl focus,focus on girl,main subject,portrait,close-up,boy partially visible,dutch-angle,from above,","focus on girl,girl focus,main subject girl,nipples,cowboy shot","m legs,(looking at viewer | looking away),(open eyes | closing eyes),the head on the sand,lying on back on the sand,","completely nude man,simple man,no face,no detail man,no hair,povpenis,grabbing thigh,penetration,","beach","","bright sand","simple micro bikini,white bikini,very small bikini,, ","simple bikini panties,white bikini panties, ","1","m legs,the head on the sand,lying on back on the sand,tears,blush,screaming,covering own eyes,","open clothes,pull up bra,","","1","3","16","n:3241820700,l:3361722281,r:2694543442"
"正常位(目隠し)","masterpiece,best quality,very aesthetic,absurdres,high resolution","game cg,anime coloring,soft lighting,thin lines,pastel colors,depth of field","nsfw,mosaic censoring","1 girl,missionary","girl focus,focus on girl,main subject,portrait,close-up,boy partially visible,dutch-angle,from side,side shot,side view","focus on girl,girl focus,main subject girl,nipples,cowboy shot","m legs,(looking at viewer | looking away),(open eyes | closing eyes),the head on the sand,lying on back on the sand,","completely nude man,simple man,no face,no detail man,no hair,povpenis,grabbing thigh,penetration,","beach","","bright sand","simple micro bikini,white bikini,very small bikini,, ","simple bikini panties,white bikini panties, ","1","m legs,the head on the sand,lying on back on the sand,tears,blush,screaming,covering own eyes,","open clothes,pull up bra,","","1","3","16","l:2395495262,l:2546776142,r:600125999"
"正常位(口抑え)","masterpiece,best quality,very aesthetic,absurdres,high resolution","game cg,anime coloring,soft lighting,thin lines,pastel colors,depth of field","nsfw,mosaic censoring","1 girl,missionary","girl focus,focus on girl,main subject,portrait,close-up,boy partially visible,dutch-angle,from above,","focus on girl,girl focus,main subject girl,nipples,cowboy shot","m legs,(looking at viewer | looking away),(open eyes | closing eyes),the head on the sand,lying on back on the sand,","completely nude man,simple man,no face,no detail man,no hair,povpenis,grabbing thigh,penetration,","beach","","bright sand","simple micro bikini,white bikini,very small bikini,, ","simple bikini panties,white bikini panties, ","1","m legs,the head on the sand,lying on back on the sand,tears,blush,screaming,covering own mouth,","open clothes,pull up bra,","","1","3","16","n:2970456230,n:4090354471,l:1832918276,r:1766051152"
"正常位(口抑え)","masterpiece,best quality,very aesthetic,absurdres,high resolution","game cg,anime coloring,soft lighting,thin lines,pastel colors,depth of field","nsfw,mosaic censoring","1 girl,missionary","girl focus,focus on girl,main subject,portrait,close-up,boy partially visible,dutch-angle,from side,side shot,side view","focus on girl,girl focus,main subject girl,nipples,cowboy shot","m legs,(looking at viewer | looking away),(open eyes | closing eyes),the head on the sand,lying on back on the sand,","completely nude man,simple man,no face,no detail man,no hair,povpenis,grabbing thigh,penetration,","beach","","bright sand","simple micro bikini,white bikini,very small bikini,, ","simple bikini panties,white bikini panties, ","1","m legs,the head on the sand,lying on back on the sand,tears,blush,screaming,covering own mouth,","open clothes,pull up bra,","","1","3","16","n:1787191566,n:939268823,l:3196876450,r:4083407150"
"正常位(腕掴み)","masterpiece,best quality,very aesthetic,absurdres,high resolution","game cg,anime coloring,soft lighting,thin lines,pastel colors,depth of field","nsfw,mosaic censoring","1 girl,missionary","girl focus,focus on girl,main subject,portrait,close-up,boy partially visible,dutch-angle,from\ above,","focus on girl,girl focus,main subject girl,nipples,cowboy shot","m legs,the head on the sand,lying on back on the sand,","completely nude man,simple man,no face,no detail man,no hair,povpenis,grabing wrist,penetration,","beach","","bright sand","simple micro bikini,white bikini,very small bikini,, ","simple bikini panties,white bikini panties, ","1","m legs,the head on the sand,lying on back on the sand,tears,blush,screaming,brests press by arms from the side,both arms is being pulled straight down.,forsed orgasm,penetrated,","open clothes,pull up bra,","","1","3","16","n:2831588020,n:3153645436,r:3324672924,r:718698325"
"足を閉じた正常位","masterpiece,best quality,very aesthetic,absurdres,high resolution","game cg,anime coloring,soft lighting,thin lines,pastel colors,depth of field","nsfw,mosaic censoring","1 girl,missionary","girl focus,focus on girl,main subject,portrait,close-up,boy partially visible,dutch-angle,from front,feet out of frame","focus on girl,girl focus,main subject girl,nipples","legs together,legs up.closing legs,the head on the sand,lying on back on the sand,","completely nude man,simple man,no face,no detail man,no hair,povpenis,grabbing thigh,penetration,","beach","","bright sand","simple micro bikini,white bikini,very small bikini,, ","simple bikini panties,white bikini panties, ","1","the head on the sand,lying on back on the sand,tears,blush,screaming,Throw up one's hands,","open clothes,pull up bra,","","1","3","16","n:1825873463,l:1855888020,r:23452576"
"種付けプレス","masterpiece,best quality,very aesthetic,absurdres,high resolution","game cg,anime coloring,soft lighting,thin lines,pastel colors,depth of field","nsfw,mosaic censoring","1 girl,mating press","girl focus,focus on girl,main subject,portrait,close-up,man partially visible,dutch-angle,feet out of frame","focus on girl,girl focus,main subject girl,nipples","v legs,the head on the sand,lying on back on the sand,","completely nude man,simple man,no face,no detail man,no hair,povpenetrating,grabing thigh from above,","beach","","bright sand","simple micro bikini,white bikini,very small bikini,, ","simple bikini panties,white bikini panties, ","1","from between the legs,v legs,the head on the sand,lying on back on the sand,tears,terror,blush,screaming,looking another,Throw up one's hands,","open clothes,pull up bra,","","1","3","16","n:2300521721,l:3367490980,r:2268560782"
"種付けプレス(頭の上から)","masterpiece,best quality,very aesthetic,absurdres,high resolution","game cg,anime coloring,soft lighting,thin lines,pastel colors,depth of field","nsfw,mosaic censoring","1 girl,mating press","crotch focus,viewed from top of head,head near camera,body extending away from viewer,girl focus,focus on girl,main subject,portrait,close-up,man partially visible,dutch-angle,feet out of frame","focus on girl,girl focus,main subject girl,nipples","the head on the sand,lying on back on the sand,","completely nude man,simple man,no face,no detail man,no hair,penetrating,grabing thigh from above,","beach","","bright sand","simple micro bikini,white bikini,very small bikini,, ","simple bikini panties,white bikini panties, ","1","v legs,the head on the sand,lying on back on the sand,tears,terror,blush,screaming,(looking at viewer | looking up),(open eyes | closing eyes),facing up,Throw up one's hands,","open clothes,pull up bra,","2","1","3","16","l:2741369879,r:3083967677"
"正常位事後","masterpiece,best quality,very aesthetic,absurdres,high resolution","game cg,anime coloring,soft lighting,thin lines,pastel colors,depth of field","nsfw,mosaic censoring","1 girl,after sex","girl focus,focus on girl,main subject,portrait,close-up,dutch-angle,from above,pussy focus","focus on girl,girl focus,main subject girl,nipples,cowboy shot","m legs,dripped semen from pussylooking away,facing away,lying on back on the sand,tired,drool","","beach","","bright sand","simple micro bikini,white bikini,very small bikini,, ","simple bikini panties,white bikini panties, ","1","m legs,the head on the sand,lying on back on the sand,tears,blush,Throw up one's hands,","open clothes,pull up bra,","1","1","3","16","l:3381168881,r:3176927632"
"側位","masterpiece,best quality,very aesthetic,absurdres,high resolution","game cg,anime coloring,soft lighting,thin lines,pastel colors,depth of field","nsfw,mosaic censoring","spooning,","crotch focus,girl focus,focus on girl,main subject,portrait,close-up,man partially visible,dutch-angle,from front,breast focus","focus on girl,girl focus,main subject girl,nipples","legs together,the head on the sand,lying on side on the sand,","completely nude man,simple man,no face,no detail man,no hair,penetrating,grabbing ass,,kneeling","beach","","bright sand","simple micro bikini,white bikini,very small bikini,, ","simple bikini panties,white bikini panties, ","1","struggle,nipples,legs together,arms in front of chest,grabbing sand,the head on the sand,lying on side on the sand,tears,terror,blush,screaming,looking at viewer,facing viewer","open clothes,pull up bra,","","1","1","16","n:711730500,n:985933339,r:1462532126,r:2521461455,r:1916361493,r:1995741857"
"側位","masterpiece,best quality,very aesthetic,absurdres,high resolution","game cg,anime coloring,soft lighting,thin lines,pastel colors,depth of field","nsfw,mosaic censoring","spooning,","crotch focus,girl focus,focus on girl,main subject,portrait,close-up,man partially visible,dutch-angle,from front,breast focus,feet out of frame","focus on girl,girl focus,main subject girl,nipples","leg up,the head on the sand,lying on side on the sand,","completely nude man,simple man,no face,no detail man,no hair,penetrating,grabbing leg,kneeling","beach","","bright sand","simple micro bikini,white bikini,very small bikini,, ","simple bikini panties,white bikini panties, ","1","struggle,nipples,leg up,arms in front of chest,grabbing sand,the head on the sand,lying on side on the sand,tears,terror,blush,screaming,looking at viewer,facing viewer","open clothes,pull up bra,","1","1","1","16","n:1050536079,l:333577195,l:646770709,r:3678607065"
"側位","masterpiece,best quality,very aesthetic,absurdres,high resolution","game cg,anime coloring,soft lighting,thin lines,pastel colors,depth of field","nsfw,mosaic censoring","spooning,","crotch focus,girl focus,focus on girl,main subject,portrait,close-up,man partially visible,dutch-angle,from front,breast focus,feet out of frame","focus on girl,girl focus,main subject girl,nipples","leg up,the head on the sand,lying on side on the sand,","completely nude man,simple man,no face,no detail man,no hair,penetrating,grabbing leg,kneeling","beach","","bright sand","simple micro bikini,white bikini,very small bikini,, ","simple bikini panties,white bikini panties, ","1","struggle,nipples,leg up,arms in front of chest,grabbing sand,the head on the sand,lying on side on the sand,tears,terror,blush,screaming,looking at another,facing another,","open clothes,pull up bra,","1","1","1","16","n:1068610644,n:1785074315,l:4178150288,r:1798224494"
"側位","masterpiece,best quality,very aesthetic,absurdres,high resolution","game cg,anime coloring,soft lighting,thin lines,pastel colors,depth of field","nsfw,mosaic censoring","spooning,after sex,","girl focus,focus on girl,main subject,portrait,close-up,dutch-angle,from behind,ass focus,ass shot,back shot,","focus on girl,girl focus,main subject girl,nipples","the head on the sand,lying on side on the sand,looking away,facing down,both hands against sand,","","beach","","bright sand","simple micro bikini,white bikini,very small bikini,, ","simple bikini panties,white bikini panties, ","1","","open clothes,pull up bra,","1","1","1","16","n:1114413520,n:1701236892,n:189429980,l:387067604,r:2306525156"
"騎乗位(挿入前)","masterpiece,best quality,very aesthetic,absurdres,high resolution","game cg,anime coloring,soft lighting,thin lines,pastel colors,depth of field","nsfw,mosaic censoring","1 girl,cowgirl position,leaning forward,","girl focus,focus on girl,main subject,portrait,close-up,man partially visible,straight-on","focus on girl,girl focus,main subject girl,top of head,nipples","","completely nude man,pov,lying on the sand,penis touching girl's pussy,imminent penetration,no hands","beach","sunlit,vivid blue sky,pure white sunlit clouds with soft edges,","bright sand","simple micro bikini,white bikini,very small bikini,, ","simple bikini panties,white bikini panties, ","1","m legs,Put own hands forward,Placing both hands on the another's body,nipples,breasts,looking own crotch,facing down,character focus,crying,tear,sad,heavy breath,ohogao,","open clothes,pull up bra,","","1","3","16","n:456336172,r:1000625544"
"騎乗位(前かがみ正面)","masterpiece,best quality,very aesthetic,absurdres,high resolution","game cg,anime coloring,soft lighting,thin lines,pastel colors,depth of field","nsfw,mosaic censoring","1 girl,cowgirl position,leaning forward,","girl focus,focus on girl,main subject,portrait,close-up,man partially visible,straight-on","focus on girl,girl focus,main subject girl,top of head,nipples","","completely nude man,pov,lying on the sand,penetrating,no hands","beach","sunlit,vivid blue sky,pure white sunlit clouds with soft edges,","bright sand","simple micro bikini,white bikini,very small bikini,, ","simple bikini panties,white bikini panties, ","1","m legs,Put own hands forward,Placing both hands on the another's body,screaming,nipples,breasts,looking at viewer,facing down,character focus,crying,tear,sad,heavy breath,ohogao,","open clothes,pull up bra,","","1","3","16","l:133717000,r:2383625718,r:624015982"
"騎乗位(前かがみ側面)","masterpiece,best quality,very aesthetic,absurdres,high resolution","game cg,anime coloring,soft lighting,thin lines,pastel colors,depth of field","nsfw,mosaic censoring","1 girl,cowgirl position,leaning forward,","girl focus,focus on girl,main subject,portrait,close-up,man partially visible,from side,side shot side view","focus on girl,girl focus,main subject girl,top of head,nipples","","completely nude man,simple man,no face,no detail man,no hair,lying on the sand,penetrating,","beach","sunlit,vivid blue sky,pure white sunlit clouds with soft edges,","bright sand","simple micro bikini,white bikini,very small bikini,, ","simple bikini panties,white bikini panties, ","1","leaning forward,m legs,Put own hands forwardPlacing both hands on the another's body,nipples,breasts,looking at viewer,facing down,character focus,crying,tear,sad,heavy breath,ohogao,","open clothes,pull up bra,","","1","3","16","l:3382985569,l:3958075806,r:4040879924"
"騎乗位(後ろ側面)","masterpiece,best quality,very aesthetic,absurdres,high resolution","game cg,anime coloring,soft lighting,thin lines,pastel colors,depth of field","nsfw,mosaic censoring","1 girl,cowgirl position,leaning back,","girl focus,focus on girl,main subject,portrait,close-up,man partially visible,from side,side shot side view","focus on girl,girl focus,main subject girl,top of head,nipples","","completely nude man,simple man,no face,no detail man,no hair,lying on the sand,penetrating,","beach","sunlit,vivid blue sky,pure white sunlit clouds with soft edges,","bright sand","simple micro bikini,white bikini,very small bikini,, ","simple bikini panties,white bikini panties, ","1","m legs,Put own hands behind,Placing both hands on the another's body,nipples,breasts,looking ahead,facing up,character focus,crying,tear,sad,heavy breath,","open clothes,pull up bra,","","1","3","16","n:3131772265,n:3533618470"
"騎乗位(後ろ正面)","masterpiece,best quality,very aesthetic,absurdres,high resolution","game cg,anime coloring,soft lighting,thin lines,pastel colors,depth of field","nsfw,mosaic censoring","1 girl,cowgirl position,leaning back,","girl focus,focus on girl,main subject,portrait,close-up,man partially visible,pussy focus,straight-on,","focus on girl,girl focus,main subject girl,top of head,nipples","","completely nude man,povlying on the sand,penetrating,no hands","beach","sunlit,vivid blue sky,pure white sunlit clouds with soft edges,","bright sand","simple micro bikini,white bikini,very small bikini,, ","simple bikini panties,white bikini panties, ","1","m legs,Put own hands behindPlacing both hands on the another's body,nipples,breasts,looking ahead,facing up,character focus,crying,tear,sad,heavy breath,","open clothes,pull up bra,","","1","3","16","l:273699033,l:2869265297,l:2983279916,l:993321602,r:2028497597,r:282064995"
"騎乗位(尻)","masterpiece,best quality,very aesthetic,absurdres,high resolution","game cg,anime coloring,soft lighting,thin lines,pastel colors,depth of field","nsfw,mosaic censoring","1 girl,cowgirl position,leaning forward,","girl focus,focus on girl,main subject,portrait,close-up,man partially visible,ass focus,from behind,","focus on girl,girl focus,main subject girl,top of head,nipples","Placing both hands on the another's body,","completely nude man,simple man,no face,no detail man,no hair,lying on the sand,penetrating,grabbing ass,","beach","sunlit,vivid blue sky,pure white sunlit clouds with soft edges,","bright sand","simple micro bikini,white bikini,very small bikini,, ","simple bikini panties,white bikini panties, ","1","nipples,breasts,looking back,facing down,character focus,crying,tear,sad,heavy breath,","open clothes,pull up bra,","","1","3","16","n:476452322,l:1425895778,l:2693524781,r:2837992278"
"騎乗位(尻)","masterpiece,best quality,very aesthetic,absurdres,high resolution","game cg,anime coloring,soft lighting,thin lines,pastel colors,depth of field","nsfw,mosaic censoring","1 girl,cowgirl position,leaning forward,","girl focus,focus on girl,main subject,portrait,close-up,man partially visible,ass focus,from behind,","focus on girl,girl focus,main subject girl,top of head,nipples","Placing both hands on the another's body,","completely nude man,simple man,no face,no detail man,no hair,lying on the sand,penetrating,grabbing ass,","beach","sunlit,vivid blue sky,pure white sunlit clouds with soft edges,","bright sand","simple micro bikini,white bikini,very small bikini,, ","simple bikini panties,white bikini panties, ","1","shoulder peek,screaming,leaning forward,nipples,breasts,looking back,facing down,character focus,crying,tear,sad,heavy breath,","open clothes,pull up bra,","","1","3","16","l:1634952827,r:1410960394,r:1788030303,r:3623830896"
"騎乗位","masterpiece,best quality,very aesthetic,absurdres,high resolution","game cg,anime coloring,soft lighting,thin lines,pastel colors,depth of field","nsfw,mosaic censoring","1 girl,cowgirl position,leaning back,after sex,","girl focus,focus on girl,main subject,portrait,close-up,man partially visible,pussy focus,straight-on,","focus on girl,girl focus,main subject girl,top of head,dripping semen,nipples","m legs,Put own hands behindPlacing both hands on the another's body,","completely nude man,povlying on the sand,penis,","beach","sunlit,vivid blue sky,pure white sunlit clouds with soft edges,","bright sand","simple micro bikini,white bikini,very small bikini,, ","simple bikini panties,white bikini panties, ","1","nipples,breasts,looking ahead,facing up,character focus,crying,tear,sad,heavy breath,tired","open clothes,pull up bra,","","1","3","16","n:2292233507,l:1904522822,r:1788030303"
"背面駅弁","masterpiece,best quality,very aesthetic,absurdres,high resolution","game cg,anime coloring,soft lighting,thin lines,pastel colors,depth of field","nsfw,mosaic censoring","1 girl,reverse suspended congress,","girl focus,cowboy shot,focus on girl,main subject,portrait,close-up,man partially visible,from front,feet out of frame,","focus on girl,girl focus,main subject girl,top of head,nippels","leaning back,m legs,","completely nude man,simple man,no face,no detail man,no hair,penetrating,holding up girl,stand up,","beach","sunlit,vivid blue sky,pure white sunlit clouds with soft edges,","","simple micro bikini,white bikini,very small bikini,, ","simple bikini panties,white bikini panties, ","1","looking at viewer,facing viewer,dripping semen,forsed orgasm,squirting,penetrated,crying,terror,sad,tear,embarrassed,heavy breath,screaming,","open clothes,pull up bra,","","1","3","16","n:828058775,l:3211577130,r:1659912451"
"背面駅弁","masterpiece,best quality,very aesthetic,absurdres,high resolution","game cg,anime coloring,soft lighting,thin lines,pastel colors,depth of field","nsfw,mosaic censoring","1 girl,reverse suspended congress,","girl focus,cowboy shot,focus on girl,main subject,portrait,close-up,man partially visible,from front,feet out of frame,","focus on girl,girl focus,main subject girl,top of head,nippels","leaning back,v legs,","completely nude man,simple man,no face,no detail man,no hair,penetrating,holding up girl,stand up,","beach","sunlit,vivid blue sky,pure white sunlit clouds with soft edges,","","simple micro bikini,white bikini,very small bikini,, ","simple bikini panties,white bikini panties, ","1","looking at viewer,facing viewer,dripping semen,forsed orgasm,squirting,penetrated,crying,terror,sad,tear,embarrassed,heavy breath,screaming,","open clothes,pull up bra,","","1","3","16","n:3821179772,l:1286676842"
"背面駅弁","masterpiece,best quality,very aesthetic,absurdres,high resolution","game cg,anime coloring,soft lighting,thin lines,pastel colors,depth of field","nsfw,mosaic censoring","1 girl,full nelson,","girl focus,cowboy shot,focus on girl,main subject,portrait,close-up,man partially visible,from front,feet out of frame,","focus on girl,girl focus,main subject girl,top of head,nippels","leaning back,v legs,","completely nude man,simple man,no face,no detail man,no hair,penetrating,holding up girl,stand up,","beach","sunlit,vivid blue sky,pure white sunlit clouds with soft edges,","","simple micro bikini,white bikini,very small bikini,, ","simple bikini panties,white bikini panties, ","1","looking at viewer,facing viewer,dripping semen,forsed orgasm,squirting,penetrated,crying,terror,sad,tear,embarrassed,heavy breath,screaming,","open clothes,pull up bra,","","1","3","16","n:1788531011,l:4245099106"
"事後","masterpiece,best quality,very aesthetic,absurdres,high resolution","game cg,anime coloring,soft lighting,thin lines,pastel colors,depth of field","nsfw,mosaic censoring","1 girl,after sex,","girl focus,cowboy shot,focus on girl,main subject,portrait,close-up,from front,feet out of frame,","focus on girl,girl focus,main subject girl,nipples","looking at viewer,facing viewer,leaning back,m legs,dripping semen,forsed orgasm,squirting,crying,terror,sad,tear,embarrassed,heavy breath,","completely nude man,simple man,no face,no detail man,no hair,holding up girl,grabbing girl's legs,stand up,","beach","sunlit,vivid blue sky,pure white sunlit clouds with soft edges,","","simple micro bikini,white bikini,very small bikini,, ","simple bikini panties,white bikini panties, ","1","","open clothes,pull up bra,","","1","3","6","l:96322572"
"事後","masterpiece,best quality,very aesthetic,absurdres,high resolution","game cg,anime coloring,soft lighting,thin lines,pastel colors,depth of field","nsfw,mosaic censoring","1 girl,solo,after sex,","girl focus,focus on girl,main subject,portrait,close-up,boy partially visible,dutch-angle,from below","focus on girl,girl focus,main subject girl,feet out of frame","looking at viewer,facing viewer,leaning back,m legs,dripping semen,crying,terror,sad,tear,embarrassed,heavy breath,screaming,","","beach","sunlit,vivid blue sky,pure white sunlit clouds with soft edges,","bright sand","simple micro bikini,white bikini,very small bikini,, ","simple bikini panties,white bikini panties, ","1","","open clothes,pull up bra,","","2","3","6","n:3362702798,n:907805860,l:2945219017,l:4240184515,r:3192078431,r:3905626695"
"事後","masterpiece,best quality,very aesthetic,absurdres,high resolution","game cg,anime coloring,soft lighting,thin lines,pastel colors,depth of field","nsfw,mosaic censoring","1 girl,solo,after sex,","girl focus,focus on girl,main subject,portrait,close-up,from behind,facial,ass focus,","focus on girl,girl focus,main subject girl,nipples","Squinting,nipples,breasts,The chin is touching the sand,The body is facing the sand,top-down bottom-up.,the head put on the sand,looking back,facing back,leaning forward,all fours,dripping semen,grabbing sand,crying,terror,sad,tear,embarrassed,heavy breath,","","beach","sunlit,vivid blue sky,pure white sunlit clouds with soft edges,","bright sand","simple micro bikini,white bikini,very small bikini,, ","simple bikini panties,white bikini panties, ","1","","open clothes,pull up bra,","","2","3","6","n:2045198343,l:2039353147,l:680249149,r:1120663248,r:2668928487,r:453588969"
"事後","masterpiece,best quality,very aesthetic,absurdres,high resolution","game cg,anime coloring,soft lighting,thin lines,pastel colors,depth of field","nsfw,mosaic censoring","1 girl,solo,after sex,","girl focus,focus on girl,main subject,portrait,close-up,face between the legs,from below,feet out of frame,","focus on girl,girl focus,main subject girl,nipples","Squinting,nipples,breasts,The chin is touching the sand,The body is facing the sand,top-down bottom-up.,the head put on the sand,looking back,facing back,leaning forward,all fours,dripping semen,crying,terror,sad,tear,embarrassed,heavy breath,","","beach","sunlit,vivid blue sky,pure white sunlit clouds with soft edges,","bright sand","simple micro bikini,white bikini,very small bikini,, ","simple bikini panties,white bikini panties, ","1","","open clothes,pull up bra,","2","2","3","6","n:2297420767"
"事後","masterpiece,best quality,very aesthetic,absurdres,high resolution","game cg,anime coloring,soft lighting,thin lines,pastel colors,depth of field","nsfw,mosaic censoring","1 girl,solo,after sex,","girl focus,focus on girl,main subject,portrait,close-up,from behind,","focus on girl,girl focus,main subject girl,nipples","wariza,ass focus,Squinting,looking back,facing back,dripping semen,tired,terror,sad,tear,embarrassed,heavy breath,","","beach","sunlit,vivid blue sky,pure white sunlit clouds with soft edges,","bright sand","simple micro bikini,white bikini,very small bikini,, ","simple bikini panties,white bikini panties, ","1","","open clothes,pull up bra,","","2","3","6","n:875944586,l:1893167119,l:4030396866,r:2288605089,r:3348419446"
"事後","masterpiece,best quality,very aesthetic,absurdres,high resolution","game cg,anime coloring,soft lighting,thin lines,pastel colors,depth of field","nsfw,mosaic censoring","1 girl,solo,after sex,","girl focus,focus on girl,main subject,portrait,close-up,from above,","focus on girl,girl focus,main subject girl,nipples","wariza,face focus,Squinting,upward gaze,dripping semen,tired,terror,sad,tear,embarrassed,heavy breath,","","beach","sunlit,vivid blue sky,pure white sunlit clouds with soft edges,","bright sand","simple micro bikini,white bikini,very small bikini,, ","simple bikini panties,white bikini panties, ","1","","open clothes,pull up bra,","","2","3","6","l:1475458406,r:3618378022,r:9191031"
"事後","masterpiece,best quality,very aesthetic,absurdres,high resolution","game cg,anime coloring,soft lighting,thin lines,pastel colors,depth of field","nsfw,mosaic censoring","1 girl,solo,after sex,","girl focus,focus on girl,main subject,portrait,close-up,breast focus,dutch-angle,full bosy shot,from above,","focus on girl,girl focus,main subject girl,nipples","the head on the sand,lying on back on the sand,tired,heavy breath,tears,blush,Throw up one's hands,","","beach","","bright sand","simple micro bikini,white bikini,very small bikini,, ","simple bikini panties,white bikini panties, ","1","","open clothes,pull up bra,","","2","3","6","n:4155678433,l:3750558403,r:2529813364,r:83742548"
"事後","masterpiece,best quality,very aesthetic,absurdres,high resolution","game cg,anime coloring,soft lighting,thin lines,pastel colors,depth of field","nsfw,mosaic censoring","1 girl,solo,after sex,","girl focus,focus on girl,main subject,portrait,close-up,breast focus,dutch-angle,full bosy shot,from above,","focus on girl,girl focus,main subject girl,nipples","facial,bukkake,empty eyes,the head on the sand,lying on back on the sand,tired,heavy breath,tears,blush,Throw up one's hands,m legs,","","beach","","bright sand","simple micro bikini,white bikini,very small bikini,, ","simple bikini panties,white bikini panties, ","1","","open clothes,pull up bra,","","2","3","6","n:2192990458,r:1922478091,r:3780002872"
"迷子","masterpiece,best quality,very aesthetic,absurdres,high resolution","game cg,anime coloring,soft lighting,thin lines,pastel colors,depth of field","","girl,solo","dutch-angle,upper body,from chest up,portrait,medium close-up,upper torso,focus on upper body,from front","focus on girl,girl focus,main subject girl,walking,","tears,sad,embarrassed,hands on the chestscanning surroundings,searching for someone,looking around cautiously","","beach","sunlit,vivid blue sky,pure white sunlit clouds with soft edges,","bright sand","simple micro bikini,white bikini,very small bikini,","simple bikini panties,white bikini panties","","","","","2","3","2",""
"四つん這いフェラ","masterpiece,best quality,very aesthetic,absurdres,high resolution","game cg,anime coloring,soft lighting,thin lines,pastel colors,depth of field","nsfw,mosaic censoring","1 girl,solo,","face focus,girl focus,focus on girl,main subject,portrait,close-up,man partially visible,from above,back shot,","focus on girl,girl focus,main subject girl","","completely nude man,pov crotch,simple man,man pov,no detail man,penis,kneeling in front of the girl,grabbing head,","beach","","bright sand","simple micro bikini,white bikini,very small bikini,, ","simple bikini panties,white bikini panties, ","1","tears,sad,fellatio,all fours,","open clothes,pull up bra,","2","3","3","16","n:3417484400,l:175293872,r:2557029611"
"四つん這いフェラ","masterpiece,best quality,very aesthetic,absurdres,high resolution","game cg,anime coloring,soft lighting,thin lines,pastel colors,depth of field","nsfw,mosaic censoring","1 girl,solo,","girl focus,focus on girl,main subject,portrait,close-up,man partially visible,from above,side shot,side view,","focus on girl,girl focus,main subject girl","","completely nude man,pov crotch,simple man,no face,no detail man,no hair,penis,kneeling in front of the girl,grabbing head,","beach","","bright sand","simple micro bikini,white bikini,very small bikini,, ","simple bikini panties,white bikini panties, ","1","tears,sad,fellatio,all fours,","open clothes,pull up bra,","3","1","3","16","n:3571739032,n:4226135044,n:558111997"
"四つん這いフェラ(後ろから)","masterpiece,best quality,very aesthetic,absurdres,high resolution","game cg,anime coloring,soft lighting,thin lines,pastel colors,depth of field","nsfw,mosaic censoring","1 girl,solo,","ass focus,girl focus,focus on girl,main subject,portrait,close-up,man partially visible,from behind,back shot,","focus on girl,girl focus,main subject girl","","completely nude man,simple man,no face,no detail man,no hair,penis,kneeling in front of the girl,grabbing head,","beach","","bright sand","simple micro bikini,white bikini,very small bikini,, ","simple bikini panties,white bikini panties, ","1","looking ahead,tears,fellatio,all fours,","open clothes,pull up bra,","3","1","3","16","n:2260555570,n:24111090"
"迷子","masterpiece,best quality,very aesthetic,absurdres,high resolution","game cg,anime coloring,soft lighting,thin lines,pastel colors,depth of field","","girl,solo","dutch-angle,upper body,from chest up,portrait,medium close-up,upper torso,focus on upper body,from side,side veiw","focus on girl,girl focus,main subject girl,walking,","tears,sad,embarrassed,hands on the chestscanning surroundings,searching for someone,looking around cautiously","","beach","sunlit,vivid blue sky,pure white sunlit clouds with soft edges,","bright sand","simple micro bikini,white bikini,very small bikini,","simple bikini panties,white bikini panties","","","","","2","3","2",""
"迷子","masterpiece,best quality,very aesthetic,absurdres,high resolution","game cg,anime coloring,soft lighting,thin lines,pastel colors,depth of field","","girl,solo","dutch-angle,upper body,from chest up,portrait,medium close-up,upper torso,focus on upper body,from behind","focus on girl,girl focus,main subject girl,walking,","looking back,surprising,tears,sad,embarrassed,hands on the chest,scanning surroundings,searching for someone,looking around cautiously","","beach","sunlit,vivid blue sky,pure white sunlit clouds with soft edges,","bright sand","simple micro bikini,white bikini,very small bikini,","simple bikini panties,white bikini panties","","","","","2","3","2",""
