title,quality,style,r18,play,composition,girl,girlAction,male,bgBase,bgTop,bgBottom,girlTop_c,girlBottom_c,girlUnder_c,girlAction_c,clothesStatus,上下フラグ,キャラヘッダフラグ,縦横比,clothesFlg,seed_id
"痴漢(立)(口抑え)","masterpiece,best quality,very aesthetic,absurdres,high resolution","game cg,anime coloring,soft lighting,thin lines,pastel colors,depth of field","","1 girl,","dutch-angle,upper body,from chest up,portrait,medium close-up,upper torso,focus on upper body,from front","focus on girl,girl focus,main subject girl","","completely nude man,simple man,no face,no detail man,no hair,covering girl's mouth from behind,stand up behind the girl,","outdoor,onsen,natural hot spring pool,surrounding autumn foliage,","smooth stone bath edges,rising warm steam,surrounding autumn foliage,red and orange maple leaves,soft moonlight illuminating the scene","","no accessory,less accessory,white bath towel wrapped around body,secure towel fit,wet body,","","","surprised,tears,looking back,covered mouth by the another,grabbing another's arm","","","1","3","11","1"
"痴漢(立)(乳揉み)","masterpiece,best quality,very aesthetic,absurdres,high resolution","game cg,anime coloring,soft lighting,thin lines,pastel colors,depth of field","","1 girl,","dutch-angle,upper body,from chest up,portrait,medium close-up,upper torso,focus on upper body,from front","focus on girl,girl focus,main subject girl,nipples","","completely nude man,simple man,no face,no detail man,no hair,grabbing girl's breast from behind over the clothes,stand up behind the girl,","outdoor,onsen,natural hot spring pool,surrounding autumn foliage,","smooth stone bath edges,rising warm steam,surrounding autumn foliage,red and orange maple leaves,soft moonlight illuminating the scene","","no accessory,less accessory,white bath towel wrapped around body,secure towel fit,wet body,","","","upper body shot,surprised,tears,looking back,grabbing another's arm","","","1","3","11","2"
"痴漢(立)(乳揉み)","masterpiece,best quality,very aesthetic,absurdres,high resolution","game cg,anime coloring,soft lighting,thin lines,pastel colors,depth of field","nsfw,mosaic censoring","1 girl,","dutch-angle,upper body,from chest up,portrait,medium close-up,upper torso,focus on upper body,from front","focus on girl,girl focus,main subject girl,nipples","","completely nude man,simple man,no face,no detail man,no hair,grabbing girl's breast from behind,stand up behind the girl,","outdoor,onsen,natural hot spring pool,surrounding autumn foliage,","smooth stone bath edges,rising warm steam,surrounding autumn foliage,red and orange maple leaves,soft moonlight illuminating the scene","","no accessory,less accessory,white bath towel wrapped around body,secure towel fit,wet body,,","","","upper body shot,surprised,tears,looking back,grabbing another's arm","open clothes,pull up bra,","","1","3","14","3"
"痴漢(立)(乳揉み)","masterpiece,best quality,very aesthetic,absurdres,high resolution","game cg,anime coloring,soft lighting,thin lines,pastel colors,depth of field","nsfw,mosaic censoring","1 girl,","dutch-angle,upper body,from chest up,portrait,medium close-up,upper torso,focus on upper body,from side","focus on girl,girl focus,main subject girl,nipples","","completely nude man,simple man,no face,no detail man,no hair,grabbing girl's breast from behind,stand up behind the girl,","outdoor,onsen,natural hot spring pool,surrounding autumn foliage,","smooth stone bath edges,rising warm steam,surrounding autumn foliage,red and orange maple leaves,soft moonlight illuminating the scene","","no accessory,less accessory,white bath towel wrapped around body,secure towel fit,wet body,,","","","upper body shot,surprised,tears,looking back,grabbing another's arm","open clothes,pull up bra,","","1","3","14","4"
"痴漢(立)(乳太腿揉み)","masterpiece,best quality,very aesthetic,absurdres,high resolution","game cg,anime coloring,soft lighting,thin lines,pastel colors,depth of field","nsfw,mosaic censoring","1 girl,","dutch-angle,cowboy shot,portrait,medium close-up,from front,straight-on,","focus on girl,girl focus,main subject girl,nipples","","completely nude man,simple man,no face,no detail man,no hair,grabbing girl's breast from behind,touching girl's thigh,stand up behind the girl,","outdoor,onsen,natural hot spring pool,surrounding autumn foliage,","smooth stone bath edges,rising warm steam,surrounding autumn foliage,red and orange maple leaves,soft moonlight illuminating the scene","","no accessory,less accessory,white bath towel wrapped around body,secure towel fit,wet body,,",",","","surprised,tears,looking back,","open clothes,pull up bra,","","1","3","15","5"
"痴漢(立)(乳太腿揉み)","masterpiece,best quality,very aesthetic,absurdres,high resolution","game cg,anime coloring,soft lighting,thin lines,pastel colors,depth of field","nsfw,mosaic censoring","1 girl,","dutch-angle,cowboy shot,head out of frame,cropped head,body focus,legs visible,from neck down,standing","focus on girl,girl focus,main subject girl,nipples","","completely nude man,simple man,no face,no detail man,no hair,grabbing girl's breast from behind,touching girl's thigh,stand up behind the girl,","outdoor,onsen,natural hot spring pool,surrounding autumn foliage,","smooth stone bath edges,rising warm steam,surrounding autumn foliage,red and orange maple leaves,soft moonlight illuminating the scene","","no accessory,less accessory,white bath towel wrapped around body,secure towel fit,wet body,,",",","","","open clothes,pull up bra,","3","1","3","15","6"
"痴漢(立)(太腿揉み)","masterpiece,best quality,very aesthetic,absurdres,high resolution","game cg,anime coloring,soft lighting,thin lines,pastel colors,depth of field","nsfw,mosaic censoring","1 girl,","dutch-angle,lower body focus,legs focus,hip focus,thigh focus,cropped torso,from waist down,close-up,from front,thick thighs,thigh focus,upper legs,zettai ryouiki","focus on girl,girl focus,main subject girl,","","completely nude man,simple man,no face,no detail man,no hair,grabbing girl's breast from behind,touching girl's thigh,stand up behind the girl,","outdoor,onsen,natural hot spring pool,surrounding autumn foliage,","smooth stone bath edges,rising warm steam,surrounding autumn foliage,red and orange maple leaves,soft moonlight illuminating the scene","","",",","2","resisting,trying to break free,defensive posture,pushing away,trying to pull away,fighting back,resisting restraint,","open clothes,pull up bra,","3","1","3","20","7"
"痴漢(立)(手マン)","masterpiece,best quality,very aesthetic,absurdres,high resolution","game cg,anime coloring,soft lighting,thin lines,pastel colors,depth of field","nsfw,mosaic censoring","1 girl,","lower body focus,legs focus,hip focus,thigh focus,cropped torso,from waist down,close-up,from front","focus on girl,girl focus,main subject girl","","completely nude man,simple man,no face,no detail man,no hair,stand up behind the girl,fingering,","outdoor,onsen,natural hot spring pool,surrounding autumn foliage,","smooth stone bath edges,rising warm steam,surrounding autumn foliage,red and orange maple leaves,soft moonlight illuminating the scene","","no accessory,less accessory,white bath towel wrapped around body,secure towel fit,wet body,,",",","","squirting,forsed orgasm,grabbing another's arm,resisting,trying to break free,defensive posture,pushing away,trying to pull away,fighting back,resisting restraint,","open clothes,pull up bra,","3","1","3","15","8"
"痴漢(立)(手マン)","masterpiece,best quality,very aesthetic,absurdres,high resolution","game cg,anime coloring,soft lighting,thin lines,pastel colors,depth of field","nsfw,mosaic censoring","1 girl,","dutch-angle,cowboy shot,portrait,medium close-up,from front","focus on girl,girl focus,main subject girl,nipples","","completely nude man,simple man,no face,no detail man,no hair,grabbing girl's breast from behind,stand up behind the girl,fingering,","outdoor,onsen,natural hot spring pool,surrounding autumn foliage,","smooth stone bath edges,rising warm steam,surrounding autumn foliage,red and orange maple leaves,soft moonlight illuminating the scene","","no accessory,less accessory,white bath towel wrapped around body,secure towel fit,wet body,,",",","","leaning forward,squirting,forsed orgasm,screaming,upper body shot,surprised,tears,looking back,grabbing another's armresisting,trying to break free,defensive posture,pushing away,trying to pull away,fighting back,resisting restraint,","open clothes,pull up bra,","","1","3","15","9"
"痴漢(立)(絶頂)","masterpiece,best quality,very aesthetic,absurdres,high resolution","game cg,anime coloring,soft lighting,thin lines,pastel colors,depth of field","nsfw,mosaic censoring","1 girl,","dutch-angle,from side ,side shot,side view,cowboy shot,","focus on girl,girl focus,main subject girl,nipples,covering own mouoth","","completely nude man,simple man,no face,no detail man,no hair,grabbing girl's breast from behind,stand up behind the girl,fingering,","outdoor,onsen,natural hot spring pool,surrounding autumn foliage,","smooth stone bath edges,rising warm steam,surrounding autumn foliage,red and orange maple leaves,soft moonlight illuminating the scene","","no accessory,less accessory,white bath towel wrapped around body,secure towel fit,wet body,,",",","",",leaning forward,squirting,forsed orgasm,screaming,upper body shot,surprised,tears,looking back,covering own mouth","open clothes,pull up bra,","","2","3","15","10"
"痴漢(立)(絶頂)","masterpiece,best quality,very aesthetic,absurdres,high resolution","game cg,anime coloring,soft lighting,thin lines,pastel colors,depth of field","nsfw,mosaic censoring","1 girl,","dutch-angle,from side ,side shot,side view,cowboy shot,","focus on girl,girl focus,main subject girl,nipples,covering own mouoth","","completely nude man,simple man,no face,no detail man,no hair,grabbing girl's breast from behind,stand up behind the girl,fingering,","outdoor,onsen,natural hot spring pool,surrounding autumn foliage,","smooth stone bath edges,rising warm steam,surrounding autumn foliage,red and orange maple leaves,soft moonlight illuminating the scene","","no accessory,less accessory,white bath towel wrapped around body,secure towel fit,wet body,,",",","",",leaning forward,squirting,forsed orgasm,screaming,upper body shot,surprised,tears,screaming","open clothes,pull up bra,","","2","3","15","11"
"痴漢(事後)","masterpiece,best quality,very aesthetic,absurdres,high resolution","game cg,anime coloring,soft lighting,thin lines,pastel colors,depth of field","nsfw,mosaic censoring","1 girl,solo,","dutch-angle,faces focus,from above,cowboy shot,","focus on girl,girl focus,main subject girl,nipples,pull up clothes","","","outdoor,onsen,natural hot spring pool,surrounding autumn foliage,","smooth stone bath edges,rising warm steam,surrounding autumn foliage,red and orange maple leaves,soft moonlight illuminating the scene","","no accessory,less accessory,white bath towel wrapped around body,secure towel fit,wet body,,",",","2","wariza,Squinting,looking up,facing front,tired,terror,sad,tear,embarrassed,heavy breath,","open clothes,pull up bra,","","1","3","16","12"
"痴漢(乳揉み、服の上から)","masterpiece,best quality,very aesthetic,absurdres,high resolution","game cg,anime coloring,soft lighting,thin lines,pastel colors,depth of field","","1 girl,","dutch-angle,cowboy shot,portrait,medium close-up,from front","focus on girl,girl focus,main subject girl","","completely nude man,simple man,no face,no detail man,no hair,grabbing another's breast over the clothes,kneeling on the floor,soaking in hot spring water,behind the girl","outdoor,onsen,natural hot spring pool,surrounding autumn foliage,","smooth stone bath edges,rising warm steam,surrounding autumn foliage,red and orange maple leaves,soft moonlight illuminating the scene","hot spring poolside","no accessory,less accessory,white bath towel wrapped around body,secure towel fit,wet body,",",","","blush,tears,wariza on the ,looking back","","","1","3","17","13"
"痴漢(乳揉み)","masterpiece,best quality,very aesthetic,absurdres,high resolution","game cg,anime coloring,soft lighting,thin lines,pastel colors,depth of field","nsfw,mosaic censoring","1 girl,","dutch-angle,cowboy shot,portrait,medium close-up,from front","focus on girl,girl focus,main subject girl,nipples","","completely nude man,simple man,no face,no detail man,no hair,grabbing another's breast,kneeling on the floor,soaking in hot spring water,behind the girl","outdoor,onsen,natural hot spring pool,surrounding autumn foliage,","smooth stone bath edges,rising warm steam,surrounding autumn foliage,red and orange maple leaves,soft moonlight illuminating the scene","hot spring poolside","no accessory,less accessory,white bath towel wrapped around body,secure towel fit,wet body,,",",","2","blush,tears,wariza on the floor,soaking in hot spring water,looking back,covering own mouth","open clothes,","","1","3","16","14"
"痴漢(手マン)","masterpiece,best quality,very aesthetic,absurdres,high resolution","game cg,anime coloring,soft lighting,thin lines,pastel colors,depth of field","nsfw,mosaic censoring","1 girl,","dutch-angle,cowboy shot,portrait,medium close-up,from front,breast focus,","focus on girl,girl focus,main subject girl,nipples","","completely nude man,simple man,no face,no detail man,no hair,fingering,grabbing another's nipple from behind,kneeling on the floor,soaking in hot spring water,behind the girl","outdoor,onsen,natural hot spring pool,surrounding autumn foliage,","smooth stone bath edges,rising warm steam,surrounding autumn foliage,red and orange maple leaves,soft moonlight illuminating the scene","hot spring poolside","no accessory,less accessory,white bath towel wrapped around body,secure towel fit,wet body,,",",","2","blush,tears,wariza on the floor,soaking in hot spring water,looking back","open clothes,pull up bra,","","1","3","16","15"
"痴漢(手マンM字)","masterpiece,best quality,very aesthetic,absurdres,high resolution","game cg,anime coloring,soft lighting,thin lines,pastel colors,depth of field","nsfw,mosaic censoring","1 girl,","dutch-angle,cowboy shot,portrait,medium close-up,from front,crotch focus,","focus on girl,girl focus,main subject girl,feet out of frame,","","completely nude man,simple man,no face,no detail man,no hair,fingering,grabbing another's nipple from behind,kneeling on the floor,soaking in hot spring water,behind the girl","outdoor,onsen,natural hot spring pool,surrounding autumn foliage,","smooth stone bath edges,rising warm steam,surrounding autumn foliage,red and orange maple leaves,soft moonlight illuminating the scene","hot spring poolside","no accessory,less accessory,white bath towel wrapped around body,secure towel fit,wet body,,",",","2","blush,tears,embarrassed,sitting on the floor,soaking in hot spring water,m legs,spread legs,looking at  viewer,leaning back,","open clothes,pull up bra,","","1","3","16","16"
"痴漢(手マン股間フォーカス)","masterpiece,best quality,very aesthetic,absurdres,high resolution","game cg,anime coloring,soft lighting,thin lines,pastel colors,depth of field","nsfw,mosaic censoring","1 girl,","dutch-angle,lower body focus,legs focus,thigh focus,cropped torso,from waist down,close-up,from front,thick thighs,thigh focus,upper legs,zettai ryouiki","focus on girl,girl focus,main subject girl,crotch focus,","","completely nude man,fingering,hands in the panties,kneeling on the floor,soaking in hot spring water,behind the girl","outdoor,onsen,natural hot spring pool,surrounding autumn foliage,","smooth stone bath edges,rising warm steam,surrounding autumn foliage,red and orange maple leaves,soft moonlight illuminating the scene","hot spring poolside","",",","2","sitting on the floor,soaking in hot spring water,m legs,spread legs","","","1","3","10","17"
"痴漢(絶頂)","masterpiece,best quality,very aesthetic,absurdres,high resolution","game cg,anime coloring,soft lighting,thin lines,pastel colors,depth of field","nsfw,mosaic censoring","1 girl,","dutch-angle,cowboy shot,portrait,medium close-up,from front,crotch focus,","focus on girl,girl focus,main subject girl,feet out of frame,","","completely nude man,simple man,no face,no detail man,no hair,fingering,hands in the panties,grabbing another's nipple from behind,kneeling on the floor,soaking in hot spring water,behind the girl","outdoor,onsen,natural hot spring pool,surrounding autumn foliage,","smooth stone bath edges,rising warm steam,surrounding autumn foliage,red and orange maple leaves,soft moonlight illuminating the scene","hot spring poolside","no accessory,less accessory,white bath towel wrapped around body,secure towel fit,wet body,,",",","2","nipples,blush,tears,struggle,closing eyes,squirting,forsed orgasm,screaming,sitting on the floor,soaking in hot spring water,m legs,spread legs,grabbing another's arm bay both hands","open clothes,pull up bra,","","1","3","16","18"
"痴漢(絶頂)","masterpiece,best quality,very aesthetic,absurdres,high resolution","game cg,anime coloring,soft lighting,thin lines,pastel colors,depth of field","nsfw,mosaic censoring","1 girl,","dutch-angle,cowboy shot,portrait,medium close-up,from front,crotch focus,","focus on girl,girl focus,main subject girl,feet out of frame,","","completely nude man,simple man,no face,no detail man,no hair,fingering,hands in the panties,grabbing another's nipple from behind,kneeling on the floor,soaking in hot spring water,behind the girl","outdoor,onsen,natural hot spring pool,surrounding autumn foliage,","smooth stone bath edges,rising warm steam,surrounding autumn foliage,red and orange maple leaves,soft moonlight illuminating the scene","hot spring poolside","no accessory,less accessory,white bath towel wrapped around body,secure towel fit,wet body,,",",","2","nipples,blush,tears,struggle,closing eyes,squirting,forsed orgasm,screaming,facing down,leaning forward,sitting on the floor,soaking in hot spring water,closing legs,grabbing another's arm bay both hands,","open clothes,pull up bra,","","1","3","16","19"
"手マン、ディープキス","masterpiece,best quality,very aesthetic,absurdres,high resolution","game cg,anime coloring,soft lighting,thin lines,pastel colors,depth of field","nsfw,mosaic censoring","1 girl,","dutch-angle,cowboy shot,portrait,medium close-up,upper body shot,from side,breasts focus,","focus on girl,girl focus,main subject girl,leaning back,m legs,feet out of frame","","completely nude man,simple man,no face,no detail man,no hair,french kiss,grabbing nipple,back shot,kneeling on thefloor,soaking in hot spring water,next to the girl,fingering,hands in the panties,","outdoor,onsen,natural hot spring pool,surrounding autumn foliage,","smooth stone bath edges,rising warm steam,surrounding autumn foliage,red and orange maple leaves,soft moonlight illuminating the scene","hot spring poolside","no accessory,less accessory,white bath towel wrapped around body,secure towel fit,wet body,,",",","2","drool,tears,blush,against another's body,wariza,sitting on the floor,soaking in hot spring water,","open clothes,pull up bra,","","1","3","16","20"
"ディープキス","masterpiece,best quality,very aesthetic,absurdres,high resolution","game cg,anime coloring,soft lighting,thin lines,pastel colors,depth of field","nsfw,mosaic censoring","1 girl,","extreme close-up,portrait,head shot,face only,cropped face,upper body,focus on face,from side","focus on girl,girl focus,main subject girl,leaning back","","completely nude man,simple man,no face,no detail man,no hair,french kiss,hoiding girl's head","outdoor,onsen,natural hot spring pool,surrounding autumn foliage,","smooth stone bath edges,rising warm steam,surrounding autumn foliage,red and orange maple leaves,soft moonlight illuminating the scene","hot spring poolside","no accessory,less accessory,white bath towel wrapped around body,secure towel fit,wet body,","","","drool,tears,blush,struggling,resisting,trying to break free,defensive posture,pushing away,trying to pull away,fighting back,resisting restraint,sitting on the floor,soaking in hot spring water,","open clothes,pull up bra,","","1","3","11","21"
"痴漢(事後)","masterpiece,best quality,very aesthetic,absurdres,high resolution","game cg,anime coloring,soft lighting,thin lines,pastel colors,depth of field","nsfw,mosaic censoring","1 girl,","dutch-angle,cowboy shot,portrait,medium close-upfrom front,face focus,","focus on girl,girl focus,main subject girl,feet out of frame,","","","outdoor,onsen,natural hot spring pool,surrounding autumn foliage,","smooth stone bath edges,rising warm steam,surrounding autumn foliage,red and orange maple leaves,soft moonlight illuminating the scene","hot spring poolside","no accessory,less accessory,white bath towel wrapped around body,secure towel fit,wet body,,",",","2","nipples,pussy,blush,tears,tired,sad,crying,heavy breath,squirting,forsed orgasm,wariza,sitting on the floor,soaking in hot spring water,Squinting,spread legs,upward gaze,facing down,","open clothes,pull up bra,","","1","3","16","22"
"乳首舐め","masterpiece,best quality,very aesthetic,absurdres,high resolution","game cg,anime coloring,soft lighting,thin lines,pastel colors,depth of field","nsfw,mosaic censoring","1 girl,","dutch-angle,upper body,from chest up,portrait,medium close-up,upper torso,focus on upper body,from front","focus on girl,girl focus,main subject girl,nipples","","completely nude man,simple man,no face,no detail man,no hair,licking nipples,hugging girl,back shot,next to the girl","outdoor,onsen,natural hot spring pool,surrounding autumn foliage,","smooth stone bath edges,rising warm steam,surrounding autumn foliage,red and orange maple leaves,soft moonlight illuminating the scene","","no accessory,less accessory,white bath towel wrapped around body,secure towel fit,wet body,,","","","tears,blush,struggling,resisting,trying to break free,defensive posture,pushing away,trying to pull away,fighting back,resisting restraint","open clothes,pull up bra,","","1","3","14","23"
"乳首しゃぶり","masterpiece,best quality,very aesthetic,absurdres,high resolution","game cg,anime coloring,soft lighting,thin lines,pastel colors,depth of field","nsfw,mosaic censoring","1 girl,","dutch-angle,upper body,from chest up,portrait,medium close-up,upper torso,focus on upper body,from front","focus on girl,girl focus,main subject girl,nipples","","completely nude man,simple man,no face,no detail man,no hair,sucking on the nipples,hugging girl,back shot,next to the girl","outdoor,onsen,natural hot spring pool,surrounding autumn foliage,","smooth stone bath edges,rising warm steam,surrounding autumn foliage,red and orange maple leaves,soft moonlight illuminating the scene","","no accessory,less accessory,white bath towel wrapped around body,secure towel fit,wet body,,","","","tears,blush,struggling,resisting,trying to break free,defensive posture,pushing away,trying to pull away,fighting back,resisting restraint,","open clothes,pull up bra,","","1","3","14","24"
"腋舐め","masterpiece,best quality,very aesthetic,absurdres,high resolution","game cg,anime coloring,soft lighting,thin lines,pastel colors,depth of field","nsfw,mosaic censoring","1 girl,","dutch-angle,upper body,from chest up,portrait,medium close-up,upper torso,focus on upper body,from front","focus on girl,girl focus,main subject girl,looking own armspit","","completely nude man,simple man,no face,no detail man,no hair,licking armpit,grabbing arms,back shot,next to the girl","outdoor,onsen,natural hot spring pool,surrounding autumn foliage,","smooth stone bath edges,rising warm steam,surrounding autumn foliage,red and orange maple leaves,soft moonlight illuminating the scene","","no accessory,less accessory,white bath towel wrapped around body,secure towel fit,wet body,,","","","looking own armspit,facing down,tears,blush,screaming,throw up one arm,struggling,resisting,trying to break free,defensive posture,pushing away,trying to pull away,fighting back,resisting restraint,","open clothes,pull up bra,","","1","3","14","25"
"耳しゃぶり","masterpiece,best quality,very aesthetic,absurdres,high resolution","game cg,anime coloring,soft lighting,thin lines,pastel colors,depth of field","nsfw,mosaic censoring","1 girl,","extreme close-up,portrait,head shot,face only,cropped face,upper body,focus on face,from side","focus on girl,girl focus,main subject girl,","","completely nude man,simple man,no face,no detail man,no hair,sucking on the ear,hugging girl,back shot,next to the girl","outdoor,onsen,natural hot spring pool,surrounding autumn foliage,","smooth stone bath edges,rising warm steam,surrounding autumn foliage,red and orange maple leaves,soft moonlight illuminating the scene","","no accessory,less accessory,white bath towel wrapped around body,secure towel fit,wet body,,","","","tears,blush,struggling,resisting,trying to break free,defensive posture,pushing away,trying to pull away,fighting back,resisting restraint,","open clothes,pull up bra,","","1","3","14","26"
"顔舐め","masterpiece,best quality,very aesthetic,absurdres,high resolution","game cg,anime coloring,soft lighting,thin lines,pastel colors,depth of field","nsfw,mosaic censoring","1 girl,","dutch-angle,upper body,from chest up,portrait,medium close-up,upper torso,focus on upper body,from front","focus on girl,girl focus,main subject girl,nipples","","completely nude man,simple man,no face,no detail man,no hair,licking face,hugging girl,back shot,next to the girl","outdoor,onsen,natural hot spring pool,surrounding autumn foliage,","smooth stone bath edges,rising warm steam,surrounding autumn foliage,red and orange maple leaves,soft moonlight illuminating the scene","","no accessory,less accessory,white bath towel wrapped around body,secure towel fit,wet body,,","","","tears,blush,struggling,resisting,trying to break free,defensive posture,pushing away,trying to pull away,fighting back,resisting restraint,","open clothes,pull up bra,","","1","3","14","27"
"ディープキス","masterpiece,best quality,very aesthetic,absurdres,high resolution","game cg,anime coloring,soft lighting,thin lines,pastel colors,depth of field","nsfw,mosaic censoring","1 girl,","dutch-angle,upper body,from chest up,portrait,medium close-up,upper torso,focus on upper body,from side","focus on girl,girl focus,main subject girl,nipples,against another's body","","completely nude man,simple man,no face,no detail man,no hair,french kiss,grabbing head,back shot,next to the girl,hugging girl","outdoor,onsen,natural hot spring pool,surrounding autumn foliage,","smooth stone bath edges,rising warm steam,surrounding autumn foliage,red and orange maple leaves,soft moonlight illuminating the scene","","no accessory,less accessory,white bath towel wrapped around body,secure towel fit,wet body,,","","","drool,tears,blush,against another's body,struggling,resisting,trying to break free,defensive posture,pushing away,trying to pull away,fighting back,resisting restraint,","open clothes,pull up bra,","","1","3","14","28"
"クンニ","masterpiece,best quality,very aesthetic,absurdres,high resolution","game cg,anime coloring,soft lighting,thin lines,pastel colors,depth of field","nsfw,mosaic censoring","1 girl,cunnilingus","dutch-angle,lower body shot,from below,crotch focus,","focus on girl,girl focus,main subject girl,spread legs,pussy,leaning back,m legs,feet out of frame","","completely nude man,simple man,no face,no detail man,no hair,licking pussy,grabbing thigh,back shot,in front of the girl","outdoor,onsen,natural hot spring pool,surrounding autumn foliage,","smooth stone bath edges,rising warm steam,surrounding autumn foliage,red and orange maple leaves,soft moonlight illuminating the scene","hot spring poolside","no accessory,less accessory,white bath towel wrapped around body,secure towel fit,wet body,,",",","2","lying on back on the floor,tears,blush,screaming,","open clothes,pull up bra,","","1","3","16","29"
"フェラ(見せつけ)","masterpiece,best quality,very aesthetic,absurdres,high resolution","game cg,anime coloring,soft lighting,thin lines,pastel colors,depth of field","nsfw,mosaic censoring","1 girl,","upper body shot,from side,side shot,face focus,","focus on girl,girl focus,main subject girl,nipples","","completely nude man,penis,stand up in front of the girl,grabbing head","outdoor,onsen,natural hot spring pool,surrounding autumn foliage,","","hot spring poolside","no accessory,less accessory,white bath towel wrapped around body,secure towel fit,wet body,,",",","2","tears,sad,nipples,sitting,the hands against another's body","open clothes,pull up bra,","","1","3","16","30"
"フェラ(掴み)","masterpiece,best quality,very aesthetic,absurdres,high resolution","game cg,anime coloring,soft lighting,thin lines,pastel colors,depth of field","nsfw,mosaic censoring","1 girl,","dutch-angle,upper body,from chest up,portrait,medium close-up,upper torso,focus on upper body,from front","focus on girl,girl focus,main subject girl,nipples","","completely nude man,penis,stand up in front of the girl,grabbing head","outdoor,onsen,natural hot spring pool,surrounding autumn foliage,","","hot spring poolside","no accessory,less accessory,white bath towel wrapped around body,secure towel fit,wet body,,",",","2","tears,sad,nipples,wariza,grabbing penis by both hands,the hands against another's body","open clothes,pull up bra,","","1","3","16","31"
"フェラ(フェラ)","masterpiece,best quality,very aesthetic,absurdres,high resolution","game cg,anime coloring,soft lighting,thin lines,pastel colors,depth of field","nsfw,mosaic censoring","1 girl,","dutch-angle,upper body,from chest up,portrait,medium close-up,upper torso,focus on upper body,from front","focus on girl,girl focus,main subject girl,nipples","","completely nude man,penis,stand up in front of the girl,grabbing head","outdoor,onsen,natural hot spring pool,surrounding autumn foliage,","","hot spring poolside","no accessory,less accessory,white bath towel wrapped around body,secure towel fit,wet body,,",",","2","tears,sad,nipples,fellatio,wariza,grabbing penis by both hands,","open clothes,pull up bra,","","1","3","16","32"
"フェラ(フェラ上から)","masterpiece,best quality,very aesthetic,absurdres,high resolution","game cg,anime coloring,soft lighting,thin lines,pastel colors,depth of field","nsfw,mosaic censoring","1 girl,","extreme close-up,portrait,head shot,face only,cropped face,upper body,focus on face,from above","focus on girl,girl focus,main subject girl,nipples","","completely nude man,pov crotch,simple man,no face,no detail man,no hair,penis,stand up in front of the girl,","outdoor,onsen,natural hot spring pool,surrounding autumn foliage,","","hot spring poolside","no accessory,less accessory,white bath towel wrapped around body,secure towel fit,wet body,,",",","2","tears,sad,nipples,fellatio,wariza,grabbing penis by both hands,","open clothes,pull up bra,","","1","3","16","33"
"フェラ","masterpiece,best quality,very aesthetic,absurdres,high resolution","game cg,anime coloring,soft lighting,thin lines,pastel colors,depth of field","nsfw,mosaic censoring","1 girl,","extreme close-up,portrait,head shot,face only,cropped face,upper body,focus on face,from front","focus on girl,girl focus,main subject girl,nipples","","completely nude man,penis,stand up in front of the girl,grabbing head","outdoor,onsen,natural hot spring pool,surrounding autumn foliage,","","hot spring poolside","no accessory,less accessory,white bath towel wrapped around body,secure towel fit,wet body,,",",","2","tears,sad,nipples,fellatio,wariza,grabbing penis by both hands,","open clothes,pull up bra,","","1","3","16","34"
"フェラ","masterpiece,best quality,very aesthetic,absurdres,high resolution","game cg,anime coloring,soft lighting,thin lines,pastel colors,depth of field","nsfw,mosaic censoring","1 girl,","extreme close-up,portrait,head shot,face only,cropped face,upper body,focus on face,from front","focus on girl,girl focus,main subject girl,nipples","","completely nude man,pov crotch,simple man,no face,no detail man,no hair,penis,stand up in front of the girl,","outdoor,onsen,natural hot spring pool,surrounding autumn foliage,","","hot spring poolside","no accessory,less accessory,white bath towel wrapped around body,secure towel fit,wet body,,",",","2","tears,sad,nipples,fellatio,wariza,grabbing penis by both hands,","open clothes,pull up bra,","","1","3","16","35"
"パイズリ","masterpiece,best quality,very aesthetic,absurdres,high resolution","game cg,anime coloring,soft lighting,thin lines,pastel colors,depth of field","nsfw,mosaic censoring","1 girl,","from above,girl focus,face focus,","focus on girl,girl focus,main subject girl,sitting,nipples","","penis,out of frame,cropped man's thigh,cropped man's legs,completely nude man,pov crotch,pov legs,stand up","outdoor,onsen,natural hot spring pool,surrounding autumn foliage,","","hot spring poolside","no accessory,less accessory,white bath towel wrapped around body,secure towel fit,wet body,,",",","2","upward gaze,tears,sad,nipples,paizuri,grabbing own breast,","open clothes,pull up bra,","","1","3","16","36"
"パイズリ","masterpiece,best quality,very aesthetic,absurdres,high resolution","game cg,anime coloring,soft lighting,thin lines,pastel colors,depth of field","nsfw,mosaic censoring","1 girl,","from above,girl focus,face focus,","focus on girl,girl focus,main subject girl,sitting,nipples","","penis,out of frame,cropped man's thigh,cropped man's legs,completely nude man,pov crotch,pov legs,stand up,cum shot","outdoor,onsen,natural hot spring pool,surrounding autumn foliage,","","hot spring poolside","no accessory,less accessory,white bath towel wrapped around body,secure towel fit,wet body,,",",","2","upward gaze,facial,bukkake,surprised,tears,sad,nipples,paizuri,grabbing own breast,","open clothes,pull up bra,","","1","3","16","37"
"パイズリ","masterpiece,best quality,very aesthetic,absurdres,high resolution","game cg,anime coloring,soft lighting,thin lines,pastel colors,depth of field","nsfw,mosaic censoring","1 girl,","extreme close-up,portrait,head shot,face only,cropped face,upper body,focus on face,from front","focus on girl,girl focus,main subject girl,sitting,nipples","","penis,out of frame,cropped man's thigh,cropped man's legs,completely nude man,pov crotch,pov legs,stand up","outdoor,onsen,natural hot spring pool,surrounding autumn foliage,","","hot spring poolside","no accessory,less accessory,white bath towel wrapped around body,secure towel fit,wet body,,",",","2","upward gaze,tears,sad,nipples,paizuri,grabbing own breast,","open clothes,pull up bra,","","1","3","16","38"
"パイズリ","masterpiece,best quality,very aesthetic,absurdres,high resolution","game cg,anime coloring,soft lighting,thin lines,pastel colors,depth of field","nsfw,mosaic censoring","1 girl,","extreme close-up,portrait,head shot,face only,cropped face,upper body,focus on face,from front","focus on girl,girl focus,main subject girl,sitting,nipples","","penis,out of frame,cropped man's thigh,cropped man's legs,completely nude man,pov crotch,pov legs,stand up,cum shot","outdoor,onsen,natural hot spring pool,surrounding autumn foliage,","","hot spring poolside","no accessory,less accessory,white bath towel wrapped around body,secure towel fit,wet body,,",",","2","upward gaze,facial,bukkake,surprised,tears,sad,nipples,paizuri,grabbing own breast,","open clothes,pull up bra,","","1","3","16","39"
"またがった状態でのパイズリ","masterpiece,best quality,very aesthetic,absurdres,high resolution","game cg,anime coloring,soft lighting,thin lines,pastel colors,depth of field","nsfw,mosaic censoring","1 girl,straddling paizuri","from above,girl focus,face focus,","focus on girl,girl focus,main subject girl,cropped torso,nipples","looking at viewer,lying on back on the floor,rising arm,","penis,out of frame,completely nude man,pov crotch,pov,grabbing breast","outdoor,onsen,natural hot spring pool,surrounding autumn foliage,","","hot spring poolside","no accessory,less accessory,white bath towel wrapped around body,secure towel fit,wet body,,","","","upward gaze,facial,bukkake,struggling,screaming,facing away,averting eyes,surprised,tears,sad,nipples,paizuri,","open clothes,pull up bra,","","1","3","14","40"
"またがった状態でのパイズリ(顔射)","masterpiece,best quality,very aesthetic,absurdres,high resolution","game cg,anime coloring,soft lighting,thin lines,pastel colors,depth of field","nsfw,mosaic censoring","1 girl,straddling paizuri","from above,girl focus,face focus,","focus on girl,girl focus,main subject girl,cropped torso,nipples","looking at viewer,lying on back on the floor,rising arm,","penis,out of frame,completely nude man,pov crotch,pov,cum shot,grabbing breast","outdoor,onsen,natural hot spring pool,surrounding autumn foliage,","","hot spring poolside","no accessory,less accessory,white bath towel wrapped around body,secure towel fit,wet body,,","","","upward gaze,facial,bukkake,struggling,screaming,facing away,averting eyes,surprised,tears,sad,nipples,paizuri,","open clothes,pull up bra,","","1","3","14","41"
"またがった状態でのパイズリ","masterpiece,best quality,very aesthetic,absurdres,high resolution","game cg,anime coloring,soft lighting,thin lines,pastel colors,depth of field","nsfw,mosaic censoring","1 girl,straddling paizuri","from side,girl focus,face focus,","focus on girl,girl focus,main subject girl,cropped torso,nipples","looking at viewer,lying on back on the floor,rising arm,","penis,out of frame,completely nude man,cum shot,grabbing breast","outdoor,onsen,natural hot spring pool,surrounding autumn foliage,","","hot spring poolside","no accessory,less accessory,white bath towel wrapped around body,secure towel fit,wet body,,","","","upward gaze,facial,bukkake,struggling,facing away,closing eyes,surprised,tears,sad,nipples,paizuri,","open clothes,pull up bra,","1","1","3","14","42"
"またがった状態でのパイズリ","masterpiece,best quality,very aesthetic,absurdres,high resolution","game cg,anime coloring,soft lighting,thin lines,pastel colors,depth of field","nsfw,mosaic censoring","1 girl,","extreme close-up,portrait,head shot,face only,cropped face,upper body,focus on face,from front","focus on girl,girl focus,main subject girl,cropped torso,nipples","looking at viewer,lying on back on the ,rising arm,","","outdoor,onsen,natural hot spring pool,surrounding autumn foliage,","","hot spring poolside","no accessory,less accessory,white bath towel wrapped around body,secure towel fit,wet body,,","","","upward gaze,facial,bukkake,struggling,facing away,closing eyes,surprised,tears,sad,nipples,paizuri,","open clothes,pull up bra,","","1","3","14","43"
"立バック","masterpiece,best quality,very aesthetic,absurdres,high resolution","game cg,anime coloring,soft lighting,thin lines,pastel colors,depth of field","nsfw,mosaic censoring","girl,solo","dutch-angle,from behind,","focus on girl,girl focus,main subject girl,nipples,leaning forward,","against  bath edge,looking back,facing back,crying,terror,sad,tear,embarrassed,heavy breath,","","outdoor,onsen,natural hot spring pool,surrounding autumn foliage,","smooth stone bath edges,rising warm steam,surrounding autumn foliage,red and orange maple leaves,soft moonlight illuminating the scene","","no accessory,less accessory,white bath towel wrapped around body,secure towel fit,wet body,,",",","","","open clothes,pull up bra,","","1","3","15","67"
"立バック","masterpiece,best quality,very aesthetic,absurdres,high resolution","game cg,anime coloring,soft lighting,thin lines,pastel colors,depth of field","nsfw,mosaic censoring","1 girl,sex from behind","girl focus,focus on girl,main subject,portrait,close-up,boy partially visible,from side,side view,side shot,","focus on girl,girl focus,main subject girl,nipples","leaning forward,","completely nude man,simple man,no face,no detail man,no hair,penetrating,standing,grabbing waist,","outdoor,onsen,natural hot spring pool,surrounding autumn foliage,","smooth stone bath edges,rising warm steam,surrounding autumn foliage,red and orange maple leaves,soft moonlight illuminating the scene","","no accessory,less accessory,white bath towel wrapped around body,secure towel fit,wet body,,",",","","against  bath edge,looking ahead,facing ahead,dripping semen,forsed orgasm,squirting,penetrated,crying,terror,sad,tear,embarrassed,heavy breath,","open clothes,pull up bra,","1","1","3","15","68"
"立バック","masterpiece,best quality,very aesthetic,absurdres,high resolution","game cg,anime coloring,soft lighting,thin lines,pastel colors,depth of field","nsfw,mosaic censoring","1 girl,sex from behind","girl focus,focus on girl,main subject,portrait,close-up,boy partially visible,from side,side view,side shot,","focus on girl,girl focus,main subject girl,nipples","leaning forward,","completely nude man,simple man,no face,no detail man,no hair,penetrating,standing,grabbing waist,","outdoor,onsen,natural hot spring pool,surrounding autumn foliage,","smooth stone bath edges,rising warm steam,surrounding autumn foliage,red and orange maple leaves,soft moonlight illuminating the scene","","no accessory,less accessory,white bath towel wrapped around body,secure towel fit,wet body,,",",","","against  bath edge,looking back,facing back,dripping semen,forsed orgasm,squirting,penetrated,crying,terror,sad,tear,embarrassed,heavy breath,","open clothes,pull up bra,","1","1","3","15","69"
"立バック","masterpiece,best quality,very aesthetic,absurdres,high resolution","game cg,anime coloring,soft lighting,thin lines,pastel colors,depth of field","nsfw,mosaic censoring","1 girl,sex from behind","girl focus,focus on girl,main subject,portrait,close-up,boy partially visible,from behind,","focus on girl,girl focus,main subject girl,nipples","","completely nude man,simple man,no face,no detail man,no hair,penetrating,standing,grabbing waist,","outdoor,onsen,natural hot spring pool,surrounding autumn foliage,","smooth stone bath edges,rising warm steam,surrounding autumn foliage,red and orange maple leaves,soft moonlight illuminating the scene","","no accessory,less accessory,white bath towel wrapped around body,secure towel fit,wet body,,",",","","against  bath edge,looking back,facing back,dripping semen,forsed orgasm,squirting,penetrated,crying,terror,sad,tear,embarrassed,heavy breath,","open clothes,pull up bra,","1","1","3","15","70"
"立バック(足上げ)","masterpiece,best quality,very aesthetic,absurdres,high resolution","game cg,anime coloring,soft lighting,thin lines,pastel colors,depth of field","nsfw,mosaic censoring","1 girl,sex from behind","girl focus,focus on girl,main subject,portrait,close-up,boy partially visible,from behind,","focus on girl,girl focus,main subject girl,nipples","leaning forward,","completely nude man,simple man,no face,no detail man,no hair,penetrating,standing,grabbing leg,","outdoor,onsen,natural hot spring pool,surrounding autumn foliage,","smooth stone bath edges,rising warm steam,surrounding autumn foliage,red and orange maple leaves,soft moonlight illuminating the scene","","no accessory,less accessory,white bath towel wrapped around body,secure towel fit,wet body,,",",","","against  bath edge,leg up,looking back,facing ahead,dripping semen,forsed orgasm,squirting,penetrated,crying,terror,sad,tear,embarrassed,heavy breath,","open clothes,pull up bra,","1","1","3","15","71"
"立バック(腕掴み)","masterpiece,best quality,very aesthetic,absurdres,high resolution","game cg,anime coloring,soft lighting,thin lines,pastel colors,depth of field","nsfw,mosaic censoring","1 girl,sex from behind","girl focus,focus on girl,main subject,portrait,close-up,boy partially visible,dutch-angle,from front,straight-on,","focus on girl,girl focus,main subject girl,nipples","leaning forward,","completely nude man,simple man,no face,no detail man,no hair,penetrating,standing,grabbing wrist,","outdoor,onsen,natural hot spring pool,surrounding autumn foliage,","smooth stone bath edges,rising warm steam,surrounding autumn foliage,red and orange maple leaves,soft moonlight illuminating the scene","","no accessory,less accessory,white bath towel wrapped around body,secure towel fit,wet body,,",",","","looking back,facing ahead,dripping semen,forsed orgasm,squirting,penetrated,crying,terror,sad,tear,embarrassed,heavy breath,","open clothes,pull up bra,","1","1","3","15","72"
"立バック","masterpiece,best quality,very aesthetic,absurdres,high resolution","game cg,anime coloring,soft lighting,thin lines,pastel colors,depth of field","nsfw,mosaic censoring","1 girl,sex from behind","girl focus,focus on girl,main subject,portrait,close-up,boy partially visible,dutch-angle,from front,straight-on,","focus on girl,girl focus,main subject girl,nipples","leaning forward,","completely nude man,simple man,no face,no detail man,no hair,penetrating,standing,grabbing wrist,","outdoor,onsen,natural hot spring pool,surrounding autumn foliage,","smooth stone bath edges,rising warm steam,surrounding autumn foliage,red and orange maple leaves,soft moonlight illuminating the scene","","no accessory,less accessory,white bath towel wrapped around body,secure towel fit,wet body,,",",","","looking at viewer,facing viewer,dripping semen,forsed orgasm,squirting,penetrated,crying,terror,sad,tear,embarrassed,heavy breath,","open clothes,pull up bra,","1","1","3","15","73"
"立バック(腕掴み横)","masterpiece,best quality,very aesthetic,absurdres,high resolution","game cg,anime coloring,soft lighting,thin lines,pastel colors,depth of field","nsfw,mosaic censoring","1 girl,sex from behind","girl focus,focus on girl,main subject,portrait,close-up,boy partially visible,dutch-angle,from side,side vediw,side shot,","focus on girl,girl focus,main subject girl,nipples","leaning forward,","completely nude man,simple man,no face,no detail man,no hair,penetrating,standing,grabbing wrist,","outdoor,onsen,natural hot spring pool,surrounding autumn foliage,","smooth stone bath edges,rising warm steam,surrounding autumn foliage,red and orange maple leaves,soft moonlight illuminating the scene","","no accessory,less accessory,white bath towel wrapped around body,secure towel fit,wet body,,",",","","looking ahead,facing ahead,dripping semen,forsed orgasm,squirting,penetrated,crying,terror,sad,tear,embarrassed,heavy breath,","open clothes,pull up bra,","1","1","3","15","74"
"立バック","masterpiece,best quality,very aesthetic,absurdres,high resolution","game cg,anime coloring,soft lighting,thin lines,pastel colors,depth of field","nsfw,mosaic censoring","1 girl,sex from behind","girl focus,focus on girl,main subject,portrait,close-up,boy partially visible,dutch-angle,from front,straight-on,","focus on girl,girl focus,main subject girl,nipples","sex from behind,","completely nude man,simple man,no face,no detail man,no hair,penetrating,standing,grabbing breasts,","outdoor,onsen,natural hot spring pool,surrounding autumn foliage,","smooth stone bath edges,rising warm steam,surrounding autumn foliage,red and orange maple leaves,soft moonlight illuminating the scene","","no accessory,less accessory,white bath towel wrapped around body,secure towel fit,wet body,,",",","","looking at viewer,facing viewer,dripping semen,forsed orgasm,squirting,penetrated,crying,terror,sad,tear,embarrassed,heavy breath,","open clothes,pull up bra,","1","1","3","15","75"
"立バック","masterpiece,best quality,very aesthetic,absurdres,high resolution","game cg,anime coloring,soft lighting,thin lines,pastel colors,depth of field","nsfw,mosaic censoring","1 girl,sex from behind","girl focus,focus on girl,main subject,portrait,close-up,boy partially visible,dutch-angle,from front,straight-on,","focus on girl,girl focus,main subject girl,nipples","sex from behind,","completely nude man,simple man,no face,no detail man,no hair,penetrating,standing,grabbing breasts,","outdoor,onsen,natural hot spring pool,surrounding autumn foliage,","smooth stone bath edges,rising warm steam,surrounding autumn foliage,red and orange maple leaves,soft moonlight illuminating the scene","","no accessory,less accessory,white bath towel wrapped around body,secure towel fit,wet body,,",",","","looking back,facing ahead,leaning forward,dripping semen,forsed orgasm,squirting,penetrated,crying,terror,sad,tear,embarrassed,heavy breath,","open clothes,pull up bra,","1","1","3","15","76"
"立バック","masterpiece,best quality,very aesthetic,absurdres,high resolution","game cg,anime coloring,soft lighting,thin lines,pastel colors,depth of field","nsfw,mosaic censoring","1 girl,sex from behind","girl focus,focus on girl,main subject,portrait,close-up,boy partially visible,dutch-angle,from front,straight-on,","focus on girl,girl focus,main subject girl,nipples","","completely nude man,simple man,no face,no detail man,no hair,penetrating,standing,hugging from behind","outdoor,onsen,natural hot spring pool,surrounding autumn foliage,","smooth stone bath edges,rising warm steam,surrounding autumn foliage,red and orange maple leaves,soft moonlight illuminating the scene","","no accessory,less accessory,white bath towel wrapped around body,secure towel fit,wet body,,",",","","looking back,facing ahead,leaning forward,dripping semen,forsed orgasm,squirting,penetrated,crying,terror,sad,tear,embarrassed,heavy breath,","open clothes,pull up bra,","1","1","3","15","77"
"立バック","masterpiece,best quality,very aesthetic,absurdres,high resolution","game cg,anime coloring,soft lighting,thin lines,pastel colors,depth of field","nsfw,mosaic censoring","1 girl,sex from behind","girl focus,focus on girl,main subject,portrait,close-up,boy partially visible,dutch-angle,from front,straight-on,","focus on girl,girl focus,main subject girl,nipples","","completely nude man,simple man,no face,no detail man,no hair,penetrating,standing,hugging from behind","outdoor,onsen,natural hot spring pool,surrounding autumn foliage,","smooth stone bath edges,rising warm steam,surrounding autumn foliage,red and orange maple leaves,soft moonlight illuminating the scene","","no accessory,less accessory,white bath towel wrapped around body,secure towel fit,wet body,,",",","","looking at viewer,facing viewer,dripping semen,forsed orgasm,squirting,penetrated,crying,terror,sad,tear,embarrassed,heavy breath,","open clothes,pull up bra,","1","1","3","15","78"
"立バック(胸部フォーカス)","masterpiece,best quality,very aesthetic,absurdres,high resolution","game cg,anime coloring,soft lighting,thin lines,pastel colors,depth of field","nsfw,mosaic censoring","1 girl,sex from behind","girl focus,focus on girl,main subject,portrait,close-up,boy partially visible,dutch-angle,upper body,torso focus,cropped head,head out of frame,neck down,from shoulders to waist,body focus,from front","focus on girl,girl focus,main subject girl,nipples","","completely nude man,standing,hugging from behind","outdoor,onsen,natural hot spring pool,surrounding autumn foliage,","smooth stone bath edges,rising warm steam,surrounding autumn foliage,red and orange maple leaves,soft moonlight illuminating the scene","","no accessory,less accessory,white bath towel wrapped around body,secure towel fit,wet body,,",",","","facing viewer,struggling,","open clothes,pull up bra,","3","1","3","15","79"
"バック","masterpiece,best quality,very aesthetic,absurdres,high resolution","game cg,anime coloring,soft lighting,thin lines,pastel colors,depth of field","nsfw,mosaic censoring","1 girl,sex from behind","girl focus,focus on girl,main subject,portrait,close-up,boy partially visible,from front","focus on girl,girl focus,main subject girl,nipples","The chin is touching the floor,The body is facing the floor,top-down bottom-up.,the head put on the floor,sex from behind,","completely nude man,simple man,no face,no detail man,no hair,sex from behind,grabbing ass,","outdoor,onsen,natural hot spring pool,surrounding autumn foliage,","smooth stone bath edges,rising warm steam,surrounding autumn foliage,red and orange maple leaves,soft moonlight illuminating the scene","hot spring poolside","no accessory,less accessory,white bath towel wrapped around body,secure towel fit,wet body,,",",","2","Squinting,nipples,breasts,The chin is touching the floor,The body is facing the floor,top-down bottom-up.,the head put on the floor,ground grab,looking at viewer,facing down,character focus,crying,tear,sad,heavy breath,screaming,","open clothes,pull up bra,","2","1","1","16","80"
"バック","masterpiece,best quality,very aesthetic,absurdres,high resolution","game cg,anime coloring,soft lighting,thin lines,pastel colors,depth of field","nsfw,mosaic censoring","1 girl,sex from behind","girl focus,focus on girl,main subject,portrait,close-up,boy partially visible,from side,side shot,side view","focus on girl,girl focus,main subject girl,nipples","The chin is touching the floor,The body is facing the floor,top-down bottom-up.,the head put on the floor,sex from behind,","completely nude man,simple man,no face,no detail man,no hair,sex from behind,grabbing ass,","outdoor,onsen,natural hot spring pool,surrounding autumn foliage,","smooth stone bath edges,rising warm steam,surrounding autumn foliage,red and orange maple leaves,soft moonlight illuminating the scene","hot spring poolside","no accessory,less accessory,white bath towel wrapped around body,secure towel fit,wet body,,",",","2","Squinting,nipples,breasts,The chin is touching the floor,The body is facing the floor,looking ahead,facing down,character focus,top-down bottom-up.,the head put on the floor,crying,tear,sad,heavy breath,screaming,","open clothes,pull up bra,","2","1","1","16","81"
"バック","masterpiece,best quality,very aesthetic,absurdres,high resolution","game cg,anime coloring,soft lighting,thin lines,pastel colors,depth of field","nsfw,mosaic censoring","1 girl,sex from behind","girl focus,focus on girl,main subject,portrait,close-up,boy partially visible,from above,dutch-angle","focus on girl,girl focus,main subject girl","The chin is touching the floor,The body is facing the floor,top-down bottom-up.,the head put on the floor,sex from behind,","completely nude man,pov,sex from behind,grabbing ass,","outdoor,onsen,natural hot spring pool,surrounding autumn foliage,","smooth stone bath edges,rising warm steam,surrounding autumn foliage,red and orange maple leaves,soft moonlight illuminating the scene","hot spring poolside","no accessory,less accessory,white bath towel wrapped around body,secure towel fit,wet body,,",",","2","Squinting,The chin is touching the floor,The body is facing the floor,looking ahead,facing down,character focus,top-down bottom-up.,the head put on the floor,crying,tear,sad,heavy breath,screaming,","open clothes,pull up bra,","","1","3","16","82"
"バック","masterpiece,best quality,very aesthetic,absurdres,high resolution","game cg,anime coloring,soft lighting,thin lines,pastel colors,depth of field","nsfw,mosaic censoring","1 girl,doggystyle,","girl focus,focus on girl,main subject,portrait,close-up,boy partially visible,from side,character focus,","focus on girl,girl focus,main subject girl,nipples","leaning forward,all fours,","completely nude man,simple man,no face,no detail man,no hair,sex from behind,grabbing waist,","outdoor,onsen,natural hot spring pool,surrounding autumn foliage,","smooth stone bath edges,rising warm steam,surrounding autumn foliage,red and orange maple leaves,soft moonlight illuminating the scene","hot spring poolside","no accessory,less accessory,white bath towel wrapped around body,secure towel fit,wet body,,",",","2","screaming,nipples,Squinting,looking down,facing below,crying,tear,sad,heavy breath,","open clothes,pull up bra,","","1","1","16","83"
"バック","masterpiece,best quality,very aesthetic,absurdres,high resolution","game cg,anime coloring,soft lighting,thin lines,pastel colors,depth of field","nsfw,mosaic censoring","1 girl,doggystyle,","girl focus,focus on girl,main subject,portrait,close-up,boy partially visible,straight-on,upper body shot,face focus,dutch-angle","focus on girl,girl focus,main subject girl,nipples","all fours,","completely nude man,simple man,no face,no detail man,no hair,sex from behind,grabbing waist,","outdoor,onsen,natural hot spring pool,surrounding autumn foliage,","smooth stone bath edges,rising warm steam,surrounding autumn foliage,red and orange maple leaves,soft moonlight illuminating the scene","hot spring poolside","no accessory,less accessory,white bath towel wrapped around body,secure towel fit,wet body,,",",","2","screaming,nipples,Squinting,looking down,facing below,crying,tear,sad,heavy breath,","open clothes,pull up bra,","1","1","1","16","84"
"寝バック","masterpiece,best quality,very aesthetic,absurdres,high resolution","game cg,anime coloring,soft lighting,thin lines,pastel colors,depth of field","nsfw,mosaic censoring","1 girl,prone bone,","girl focus,focus on girl,main subject,portrait,close-up,boy partially visible,straight-on,upper body shot,cropped torso,face focus","focus on girl,girl focus,main subject girl,nipples","","completely nude man,simple man,no face,no detail man,no hair,sex from behind,grabbing shoulder","outdoor,onsen,natural hot spring pool,surrounding autumn foliage,","smooth stone bath edges,rising warm steam,surrounding autumn foliage,red and orange maple leaves,soft moonlight illuminating the scene","hot spring poolside","no accessory,less accessory,white bath towel wrapped around body,secure towel fit,wet body,,",",","2","breast press,Squinting,looking ahead,facing down,crying,tear,sad,heavy breath,screaming,","open clothes,pull up bra,","1","1","1","16","85"
"寝バック","masterpiece,best quality,very aesthetic,absurdres,high resolution","game cg,anime coloring,soft lighting,thin lines,pastel colors,depth of field","nsfw,mosaic censoring","1 girl,prone bone,","girl focus,focus on girl,main subject,portrait,close-up,boy partially visible,straight-on,extreme close-up,portrait,head shot,face only,cropped face,upper body,focus on face,from front,","focus on girl,girl focus,main subject girl,nipples","","completely nude man,simple man,no face,no detail man,no hair,sex from behind,grabbing shoulder","outdoor,onsen,natural hot spring pool,surrounding autumn foliage,","smooth stone bath edges,rising warm steam,surrounding autumn foliage,red and orange maple leaves,soft moonlight illuminating the scene","hot spring poolside","no accessory,less accessory,white bath towel wrapped around body,secure towel fit,wet body,,",",","2","breast press,Squinting,looking ahead,facing down,crying,tear,sad,heavy breath,screaming,","open clothes,pull up bra,","3","1","1","16","86"
"寝バック","masterpiece,best quality,very aesthetic,absurdres,high resolution","game cg,anime coloring,soft lighting,thin lines,pastel colors,depth of field","nsfw,mosaic censoring","1 girl,prone bone,","girl focus,focus on girl,main subject,portrait,close-up,boy partially visible,straight-on,upper body shot,cropped torso,face focus","focus on girl,girl focus,main subject girl,nipples","","completely nude man,simple man,no face,no detail man,no hair,sex from behind,grabbing shoulder","outdoor,onsen,natural hot spring pool,surrounding autumn foliage,","smooth stone bath edges,rising warm steam,surrounding autumn foliage,red and orange maple leaves,soft moonlight illuminating the scene","hot spring poolside","no accessory,less accessory,white bath towel wrapped around body,secure towel fit,wet body,,",",","2","breast press,Squinting,looking ahead,facing down,the head put on the floor,the chin put on the floor,crying,tear,sad,heavy breath","open clothes,pull up bra,","2","1","1","16","87"
"寝バック","masterpiece,best quality,very aesthetic,absurdres,high resolution","game cg,anime coloring,soft lighting,thin lines,pastel colors,depth of field","nsfw,mosaic censoring","1 girl,prone bone,","girl focus,focus on girl,main subject,portrait,close-up,boy partially visible,side shot,side view,cropped torso,","focus on girl,girl focus,main subject girl,nipples","","completely nude man,simple man,no face,no detail man,no hair,sex from behind,grabbing shoulder","outdoor,onsen,natural hot spring pool,surrounding autumn foliage,","smooth stone bath edges,rising warm steam,surrounding autumn foliage,red and orange maple leaves,soft moonlight illuminating the scene","hot spring poolside","no accessory,less accessory,white bath towel wrapped around body,secure towel fit,wet body,,",",","2","breast press,Squinting,looking ahead,facing down,the head put on the floor,screaming,crying,tear,sad,heavy breath,","open clothes,pull up bra,","2","1","1","16","88"
"正常位","masterpiece,best quality,very aesthetic,absurdres,high resolution","game cg,anime coloring,soft lighting,thin lines,pastel colors,depth of field","nsfw,mosaic censoring","1 girl,missionary","girl focus,focus on girl,main subject,portrait,close-up,boy partially visible,dutch-angle,from above,","focus on girl,girl focus,main subject girl,nipples,cowboy shot","m legs,(looking at viewer | looking away),(open eyes | closing eyes),the head on the floor,lying on back on the floor,","completely nude man,simple man,no face,no detail man,no hair,povpenis,grabbing thigh,imminent penetration,","outdoor,onsen,natural hot spring pool,surrounding autumn foliage,","","hot spring poolside","no accessory,less accessory,white bath towel wrapped around body,secure towel fit,wet body,,",",","2","m legs,the head on the floor,lying on back on the floor,tears,blush,screaming,Throw up one's hands,","open clothes,pull up bra,","3","1","3","16","89"
"正常位","masterpiece,best quality,very aesthetic,absurdres,high resolution","game cg,anime coloring,soft lighting,thin lines,pastel colors,depth of field","nsfw,mosaic censoring","1 girl,missionary","girl focus,focus on girl,main subject,portrait,close-up,boy partially visible,dutch-angle,from side,side shot,side view","focus on girl,girl focus,main subject girl,nipples,cowboy shot","m legs,(looking at viewer | looking away),(open eyes | closing eyes),the head on the floor,lying on back on the floor,","completely nude man,simple man,no face,no detail man,no hair,povpenis,grabbing thigh,imminent penetration,","outdoor,onsen,natural hot spring pool,surrounding autumn foliage,","","hot spring poolside","no accessory,less accessory,white bath towel wrapped around body,secure towel fit,wet body,,",",","2","m legs,the head on the floor,lying on back on the floor,tears,blush,screaming,Throw up one's hands,","open clothes,pull up bra,","3","1","3","16","90"
"正常位","masterpiece,best quality,very aesthetic,absurdres,high resolution","game cg,anime coloring,soft lighting,thin lines,pastel colors,depth of field","nsfw,mosaic censoring","1 girl,missionary","girl focus,focus on girl,main subject,portrait,close-up,boy partially visible,dutch-angle,from above,","focus on girl,girl focus,main subject girl,nipples,cowboy shot","m legs,(looking at viewer | looking away),(open eyes | closing eyes),the head on the floor,lying on back on the floor,","completely nude man,simple man,no face,no detail man,no hair,povpenis,grabbing thigh,penetration,","outdoor,onsen,natural hot spring pool,surrounding autumn foliage,","","hot spring poolside","no accessory,less accessory,white bath towel wrapped around body,secure towel fit,wet body,,",",","2","m legs,the head on the floor,lying on back on the floor,tears,blush,screaming,Throw up one's hands,","open clothes,pull up bra,","","1","3","16","91"
"正常位","masterpiece,best quality,very aesthetic,absurdres,high resolution","game cg,anime coloring,soft lighting,thin lines,pastel colors,depth of field","nsfw,mosaic censoring","1 girl,missionary","girl focus,focus on girl,main subject,portrait,close-up,boy partially visible,dutch-angle,from side,side shot,side view","focus on girl,girl focus,main subject girl,nipples,cowboy shot","m legs,(looking at viewer | looking away),(open eyes | closing eyes),the head on the floor,lying on back on the floor,","completely nude man,simple man,no face,no detail man,no hair,povpenis,grabbing thigh,penetration,","outdoor,onsen,natural hot spring pool,surrounding autumn foliage,","","hot spring poolside","no accessory,less accessory,white bath towel wrapped around body,secure towel fit,wet body,,",",","2","m legs,the head on the floor,lying on back on the floor,tears,blush,screaming,Throw up one's hands,","open clothes,pull up bra,","","1","3","16","92"
"正常位(目隠し)","masterpiece,best quality,very aesthetic,absurdres,high resolution","game cg,anime coloring,soft lighting,thin lines,pastel colors,depth of field","nsfw,mosaic censoring","1 girl,missionary","girl focus,focus on girl,main subject,portrait,close-up,boy partially visible,dutch-angle,from above,","focus on girl,girl focus,main subject girl,nipples,cowboy shot","m legs,(looking at viewer | looking away),(open eyes | closing eyes),the head on the floor,lying on back on the floor,","completely nude man,simple man,no face,no detail man,no hair,povpenis,grabbing thigh,penetration,","outdoor,onsen,natural hot spring pool,surrounding autumn foliage,","","hot spring poolside","no accessory,less accessory,white bath towel wrapped around body,secure towel fit,wet body,,",",","2","m legs,the head on the floor,lying on back on the floor,tears,blush,screaming,covering own eyes,","open clothes,pull up bra,","","1","3","16","93"
"正常位(目隠し)","masterpiece,best quality,very aesthetic,absurdres,high resolution","game cg,anime coloring,soft lighting,thin lines,pastel colors,depth of field","nsfw,mosaic censoring","1 girl,missionary","girl focus,focus on girl,main subject,portrait,close-up,boy partially visible,dutch-angle,from side,side shot,side view","focus on girl,girl focus,main subject girl,nipples,cowboy shot","m legs,(looking at viewer | looking away),(open eyes | closing eyes),the head on the floor,lying on back on the floor,","completely nude man,simple man,no face,no detail man,no hair,povpenis,grabbing thigh,penetration,","outdoor,onsen,natural hot spring pool,surrounding autumn foliage,","","hot spring poolside","no accessory,less accessory,white bath towel wrapped around body,secure towel fit,wet body,,",",","2","m legs,the head on the floor,lying on back on the floor,tears,blush,screaming,covering own eyes,","open clothes,pull up bra,","","1","3","16","94"
"正常位(口抑え)","masterpiece,best quality,very aesthetic,absurdres,high resolution","game cg,anime coloring,soft lighting,thin lines,pastel colors,depth of field","nsfw,mosaic censoring","1 girl,missionary","girl focus,focus on girl,main subject,portrait,close-up,boy partially visible,dutch-angle,from above,","focus on girl,girl focus,main subject girl,nipples,cowboy shot","m legs,(looking at viewer | looking away),(open eyes | closing eyes),the head on the floor,lying on back on the floor,","completely nude man,simple man,no face,no detail man,no hair,povpenis,grabbing thigh,penetration,","outdoor,onsen,natural hot spring pool,surrounding autumn foliage,","","hot spring poolside","no accessory,less accessory,white bath towel wrapped around body,secure towel fit,wet body,,",",","2","m legs,the head on the floor,lying on back on the floor,tears,blush,screaming,covering own mouth,","open clothes,pull up bra,","","1","3","16","95"
"正常位(口抑え)","masterpiece,best quality,very aesthetic,absurdres,high resolution","game cg,anime coloring,soft lighting,thin lines,pastel colors,depth of field","nsfw,mosaic censoring","1 girl,missionary","girl focus,focus on girl,main subject,portrait,close-up,boy partially visible,dutch-angle,from side,side shot,side view","focus on girl,girl focus,main subject girl,nipples,cowboy shot","m legs,(looking at viewer | looking away),(open eyes | closing eyes),the head on the floor,lying on back on the floor,","completely nude man,simple man,no face,no detail man,no hair,povpenis,grabbing thigh,penetration,","outdoor,onsen,natural hot spring pool,surrounding autumn foliage,","","hot spring poolside","no accessory,less accessory,white bath towel wrapped around body,secure towel fit,wet body,,",",","2","m legs,the head on the floor,lying on back on the floor,tears,blush,screaming,covering own mouth,","open clothes,pull up bra,","","1","3","16","96"
"正常位(腕掴み)","masterpiece,best quality,very aesthetic,absurdres,high resolution","game cg,anime coloring,soft lighting,thin lines,pastel colors,depth of field","nsfw,mosaic censoring","1 girl,missionary","girl focus,focus on girl,main subject,portrait,close-up,boy partially visible,dutch-angle,from\ above,","focus on girl,girl focus,main subject girl,nipples,cowboy shot","m legs,the head on the floor,lying on back on the floor,","completely nude man,simple man,no face,no detail man,no hair,povpenis,grabing wrist,penetration,","outdoor,onsen,natural hot spring pool,surrounding autumn foliage,","","hot spring poolside","no accessory,less accessory,white bath towel wrapped around body,secure towel fit,wet body,,",",","2","m legs,the head on the floor,lying on back on the floor,tears,blush,screaming,brests press by arms from the side,both arms is being pulled straight down.,forsed orgasm,penetrated,","open clothes,pull up bra,","","1","3","16","97"
"足を閉じた正常位","masterpiece,best quality,very aesthetic,absurdres,high resolution","game cg,anime coloring,soft lighting,thin lines,pastel colors,depth of field","nsfw,mosaic censoring","1 girl,missionary","girl focus,focus on girl,main subject,portrait,close-up,boy partially visible,dutch-angle,from front,feet out of frame","focus on girl,girl focus,main subject girl,nipples","legs together,legs up.closing legs,the head on the floor,lying on back on the floor,","completely nude man,simple man,no face,no detail man,no hair,povpenis,grabbing thigh,penetration,","outdoor,onsen,natural hot spring pool,surrounding autumn foliage,","","hot spring poolside","no accessory,less accessory,white bath towel wrapped around body,secure towel fit,wet body,,",",","2","the head on the floor,lying on back on the floor,tears,blush,screaming,Throw up one's hands,","open clothes,pull up bra,","","1","3","16","98"
"種付けプレス","masterpiece,best quality,very aesthetic,absurdres,high resolution","game cg,anime coloring,soft lighting,thin lines,pastel colors,depth of field","nsfw,mosaic censoring","1 girl,mating press","girl focus,focus on girl,main subject,portrait,close-up,man partially visible,dutch-angle,feet out of frame","focus on girl,girl focus,main subject girl,nipples","v legs,the head on the floor,lying on back on the floor,","completely nude man,simple man,no face,no detail man,no hair,povpenetrating,grabing thigh from above,","outdoor,onsen,natural hot spring pool,surrounding autumn foliage,","","hot spring poolside","no accessory,less accessory,white bath towel wrapped around body,secure towel fit,wet body,,",",","2","from between the legs,v legs,the head on the floor,lying on back on the floor,tears,terror,blush,screaming,looking another,Throw up one's hands,","open clothes,pull up bra,","","1","3","16","99"
"種付けプレス(頭の上から)","masterpiece,best quality,very aesthetic,absurdres,high resolution","game cg,anime coloring,soft lighting,thin lines,pastel colors,depth of field","nsfw,mosaic censoring","1 girl,mating press","crotch focus,viewed from top of head,head near camera,body extending away from viewer,girl focus,focus on girl,main subject,portrait,close-up,man partially visible,dutch-angle,feet out of frame","focus on girl,girl focus,main subject girl,nipples","the head on the floor,lying on back on the floor,","completely nude man,simple man,no face,no detail man,no hair,penetrating,grabing thigh from above,","outdoor,onsen,natural hot spring pool,surrounding autumn foliage,","","hot spring poolside","no accessory,less accessory,white bath towel wrapped around body,secure towel fit,wet body,,",",","2","v legs,the head on the floor,lying on back on the floor,tears,terror,blush,screaming,(looking at viewer | looking up),(open eyes | closing eyes),facing up,Throw up one's hands,","open clothes,pull up bra,","2","1","3","16","100"
"正常位事後","masterpiece,best quality,very aesthetic,absurdres,high resolution","game cg,anime coloring,soft lighting,thin lines,pastel colors,depth of field","nsfw,mosaic censoring","1 girl,after sex","girl focus,focus on girl,main subject,portrait,close-up,dutch-angle,from above,pussy focus","focus on girl,girl focus,main subject girl,nipples,cowboy shot","m legs,dripped semen from pussylooking away,facing away,lying on back on the floor,tired,drool","","outdoor,onsen,natural hot spring pool,surrounding autumn foliage,","","hot spring poolside","no accessory,less accessory,white bath towel wrapped around body,secure towel fit,wet body,,",",","2","m legs,the head on the floor,lying on back on the floor,tears,blush,Throw up one's hands,","open clothes,pull up bra,","1","1","3","16","102"
"側位","masterpiece,best quality,very aesthetic,absurdres,high resolution","game cg,anime coloring,soft lighting,thin lines,pastel colors,depth of field","nsfw,mosaic censoring","spooning,","crotch focus,girl focus,focus on girl,main subject,portrait,close-up,man partially visible,dutch-angle,from front,breast focus","focus on girl,girl focus,main subject girl,nipples","legs together,the head on the floor,lying on side on the floor,","completely nude man,simple man,no face,no detail man,no hair,penetrating,grabbing ass,,kneeling","outdoor,onsen,natural hot spring pool,surrounding autumn foliage,","","hot spring poolside","no accessory,less accessory,white bath towel wrapped around body,secure towel fit,wet body,,",",","2","struggle,nipples,legs together,arms in front of chest,grabbing floor,the head on the floor,lying on side on the floor,tears,terror,blush,screaming,looking at viewer,facing viewer","open clothes,pull up bra,","","1","1","16","103"
"側位","masterpiece,best quality,very aesthetic,absurdres,high resolution","game cg,anime coloring,soft lighting,thin lines,pastel colors,depth of field","nsfw,mosaic censoring","spooning,","crotch focus,girl focus,focus on girl,main subject,portrait,close-up,man partially visible,dutch-angle,from front,breast focus,feet out of frame","focus on girl,girl focus,main subject girl,nipples","leg up,the head on the floor,lying on side on the floor,","completely nude man,simple man,no face,no detail man,no hair,penetrating,grabbing leg,kneeling","outdoor,onsen,natural hot spring pool,surrounding autumn foliage,","","hot spring poolside","no accessory,less accessory,white bath towel wrapped around body,secure towel fit,wet body,,",",","2","struggle,nipples,leg up,arms in front of chest,grabbing floor,the head on the floor,lying on side on the floor,tears,terror,blush,screaming,looking at viewer,facing viewer","open clothes,pull up bra,","1","1","1","16","104"
"側位","masterpiece,best quality,very aesthetic,absurdres,high resolution","game cg,anime coloring,soft lighting,thin lines,pastel colors,depth of field","nsfw,mosaic censoring","spooning,","crotch focus,girl focus,focus on girl,main subject,portrait,close-up,man partially visible,dutch-angle,from front,breast focus,feet out of frame","focus on girl,girl focus,main subject girl,nipples","leg up,the head on the floor,lying on side on the floor,","completely nude man,simple man,no face,no detail man,no hair,penetrating,grabbing leg,kneeling","outdoor,onsen,natural hot spring pool,surrounding autumn foliage,","","hot spring poolside","no accessory,less accessory,white bath towel wrapped around body,secure towel fit,wet body,,",",","2","struggle,nipples,leg up,arms in front of chest,grabbing floor,the head on the floor,lying on side on the floor,tears,terror,blush,screaming,looking at another,facing another,","open clothes,pull up bra,","1","1","1","16","105"
"側位","masterpiece,best quality,very aesthetic,absurdres,high resolution","game cg,anime coloring,soft lighting,thin lines,pastel colors,depth of field","nsfw,mosaic censoring","spooning,after sex,","girl focus,focus on girl,main subject,portrait,close-up,dutch-angle,from behind,ass focus,ass shot,back shot,","focus on girl,girl focus,main subject girl,nipples","the head on the floor,lying on side on the floor,looking away,facing down,both hands against floor,","","outdoor,onsen,natural hot spring pool,surrounding autumn foliage,","","hot spring poolside","no accessory,less accessory,white bath towel wrapped around body,secure towel fit,wet body,,",",","2","","open clothes,pull up bra,","1","1","1","16","106"
"騎乗位(挿入前)","masterpiece,best quality,very aesthetic,absurdres,high resolution","game cg,anime coloring,soft lighting,thin lines,pastel colors,depth of field","nsfw,mosaic censoring","1 girl,cowgirl position,leaning forward,","girl focus,focus on girl,main subject,portrait,close-up,man partially visible,straight-on","focus on girl,girl focus,main subject girl,top of head,nipples","","completely nude man,pov,lying on the floor,penis touching girl's pussy,imminent penetration,no hands","outdoor,onsen,natural hot spring pool,surrounding autumn foliage,","smooth stone bath edges,rising warm steam,surrounding autumn foliage,red and orange maple leaves,soft moonlight illuminating the scene","hot spring poolside","no accessory,less accessory,white bath towel wrapped around body,secure towel fit,wet body,,",",","2","m legs,Put own hands forward,Placing both hands on the another's body,nipples,breasts,looking own crotch,facing down,character focus,crying,tear,sad,heavy breath,ohogao,","open clothes,pull up bra,","","1","3","16","107"
"騎乗位(前かがみ正面)","masterpiece,best quality,very aesthetic,absurdres,high resolution","game cg,anime coloring,soft lighting,thin lines,pastel colors,depth of field","nsfw,mosaic censoring","1 girl,cowgirl position,leaning forward,","girl focus,focus on girl,main subject,portrait,close-up,man partially visible,straight-on","focus on girl,girl focus,main subject girl,top of head,nipples","","completely nude man,pov,lying on the floor,penetrating,no hands","outdoor,onsen,natural hot spring pool,surrounding autumn foliage,","smooth stone bath edges,rising warm steam,surrounding autumn foliage,red and orange maple leaves,soft moonlight illuminating the scene","hot spring poolside","no accessory,less accessory,white bath towel wrapped around body,secure towel fit,wet body,,",",","2","m legs,Put own hands forward,Placing both hands on the another's body,screaming,nipples,breasts,looking at viewer,facing down,character focus,crying,tear,sad,heavy breath,ohogao,","open clothes,pull up bra,","","1","3","16","108"
"騎乗位(前かがみ側面)","masterpiece,best quality,very aesthetic,absurdres,high resolution","game cg,anime coloring,soft lighting,thin lines,pastel colors,depth of field","nsfw,mosaic censoring","1 girl,cowgirl position,leaning forward,","girl focus,focus on girl,main subject,portrait,close-up,man partially visible,from side,side shot side view","focus on girl,girl focus,main subject girl,top of head,nipples","","completely nude man,simple man,no face,no detail man,no hair,lying on the floor,penetrating,","outdoor,onsen,natural hot spring pool,surrounding autumn foliage,","smooth stone bath edges,rising warm steam,surrounding autumn foliage,red and orange maple leaves,soft moonlight illuminating the scene","hot spring poolside","no accessory,less accessory,white bath towel wrapped around body,secure towel fit,wet body,,",",","2","leaning forward,m legs,Put own hands forwardPlacing both hands on the another's body,nipples,breasts,looking at viewer,facing down,character focus,crying,tear,sad,heavy breath,ohogao,","open clothes,pull up bra,","","1","3","16","109"
"騎乗位(後ろ側面)","masterpiece,best quality,very aesthetic,absurdres,high resolution","game cg,anime coloring,soft lighting,thin lines,pastel colors,depth of field","nsfw,mosaic censoring","1 girl,cowgirl position,leaning back,","girl focus,focus on girl,main subject,portrait,close-up,man partially visible,from side,side shot side view","focus on girl,girl focus,main subject girl,top of head,nipples","","completely nude man,simple man,no face,no detail man,no hair,lying on the floor,penetrating,","outdoor,onsen,natural hot spring pool,surrounding autumn foliage,","smooth stone bath edges,rising warm steam,surrounding autumn foliage,red and orange maple leaves,soft moonlight illuminating the scene","hot spring poolside","no accessory,less accessory,white bath towel wrapped around body,secure towel fit,wet body,,",",","2","m legs,Put own hands behind,Placing both hands on the another's body,nipples,breasts,looking ahead,facing up,character focus,crying,tear,sad,heavy breath,","open clothes,pull up bra,","","1","3","16","110"
"騎乗位(後ろ正面)","masterpiece,best quality,very aesthetic,absurdres,high resolution","game cg,anime coloring,soft lighting,thin lines,pastel colors,depth of field","nsfw,mosaic censoring","1 girl,cowgirl position,leaning back,","girl focus,focus on girl,main subject,portrait,close-up,man partially visible,pussy focus,straight-on,","focus on girl,girl focus,main subject girl,top of head,nipples","","completely nude man,povlying on the floor,penetrating,no hands","outdoor,onsen,natural hot spring pool,surrounding autumn foliage,","smooth stone bath edges,rising warm steam,surrounding autumn foliage,red and orange maple leaves,soft moonlight illuminating the scene","hot spring poolside","no accessory,less accessory,white bath towel wrapped around body,secure towel fit,wet body,,",",","2","m legs,Put own hands behindPlacing both hands on the another's body,nipples,breasts,looking ahead,facing up,character focus,crying,tear,sad,heavy breath,","open clothes,pull up bra,","","1","3","16","111"
"騎乗位(尻)","masterpiece,best quality,very aesthetic,absurdres,high resolution","game cg,anime coloring,soft lighting,thin lines,pastel colors,depth of field","nsfw,mosaic censoring","1 girl,cowgirl position,leaning forward,","girl focus,focus on girl,main subject,portrait,close-up,man partially visible,ass focus,from behind,","focus on girl,girl focus,main subject girl,top of head,nipples","Placing both hands on the another's body,","completely nude man,simple man,no face,no detail man,no hair,lying on the floor,penetrating,grabbing ass,","outdoor,onsen,natural hot spring pool,surrounding autumn foliage,","smooth stone bath edges,rising warm steam,surrounding autumn foliage,red and orange maple leaves,soft moonlight illuminating the scene","hot spring poolside","no accessory,less accessory,white bath towel wrapped around body,secure towel fit,wet body,,",",","2","nipples,breasts,looking back,facing down,character focus,crying,tear,sad,heavy breath,","open clothes,pull up bra,","","1","3","16","112"
"騎乗位(尻)","masterpiece,best quality,very aesthetic,absurdres,high resolution","game cg,anime coloring,soft lighting,thin lines,pastel colors,depth of field","nsfw,mosaic censoring","1 girl,cowgirl position,leaning forward,","girl focus,focus on girl,main subject,portrait,close-up,man partially visible,ass focus,from behind,","focus on girl,girl focus,main subject girl,top of head,nipples","Placing both hands on the another's body,","completely nude man,simple man,no face,no detail man,no hair,lying on the floor,penetrating,grabbing ass,","outdoor,onsen,natural hot spring pool,surrounding autumn foliage,","smooth stone bath edges,rising warm steam,surrounding autumn foliage,red and orange maple leaves,soft moonlight illuminating the scene","hot spring poolside","no accessory,less accessory,white bath towel wrapped around body,secure towel fit,wet body,,",",","2","shoulder peek,screaming,leaning forward,nipples,breasts,looking back,facing down,character focus,crying,tear,sad,heavy breath,","open clothes,pull up bra,","","1","3","16","113"
"騎乗位","masterpiece,best quality,very aesthetic,absurdres,high resolution","game cg,anime coloring,soft lighting,thin lines,pastel colors,depth of field","nsfw,mosaic censoring","1 girl,cowgirl position,leaning back,after sex,","girl focus,focus on girl,main subject,portrait,close-up,man partially visible,pussy focus,straight-on,","focus on girl,girl focus,main subject girl,top of head,dripping semen,nipples","m legs,Put own hands behindPlacing both hands on the another's body,","completely nude man,povlying on the floor,penis,","outdoor,onsen,natural hot spring pool,surrounding autumn foliage,","smooth stone bath edges,rising warm steam,surrounding autumn foliage,red and orange maple leaves,soft moonlight illuminating the scene","hot spring poolside","no accessory,less accessory,white bath towel wrapped around body,secure towel fit,wet body,,",",","2","nipples,breasts,looking ahead,facing up,character focus,crying,tear,sad,heavy breath,tired","open clothes,pull up bra,","","1","3","16","114"
"背面座位(reverse upright straddle)","masterpiece,best quality,very aesthetic,absurdres,high resolution","game cg,anime coloring,soft lighting,thin lines,pastel colors,depth of field","nsfw,mosaic censoring","1 girl,reverse upright straddle,","girl focus,focus on girl,main subject,portrait,close-up,man partially visible,straight-on","focus on girl,girl focus,main subject girl,nipples","leaning back,natural body curve,sitting on the boy,","completely nude man,simple man,no face,no detail man,no hair,imminent penetration,grabbing thigh,sitting on the bath edge","outdoor,onsen,natural hot spring pool,surrounding autumn foliage,","smooth stone bath edges,rising warm steam,surrounding autumn foliage,red and orange maple leaves,soft moonlight illuminating the scene","hot spring poolside","no accessory,less accessory,white bath towel wrapped around body,secure towel fit,wet body,,",",","2","struggle,looking at viewer,dripping semen,forsed orgasm,squirting,penetrated,crying,terror,sad,tear,embarrassed,heavy breath,screaming,surprising,covering own mouth","open clothes,pull up bra,","","1","3","16","118"
"背面座位(reverse upright straddle)","masterpiece,best quality,very aesthetic,absurdres,high resolution","game cg,anime coloring,soft lighting,thin lines,pastel colors,depth of field","nsfw,mosaic censoring","1 girl,reverse upright straddle,","girl focus,focus on girl,main subject,portrait,close-up,man partially visible,straight-on","focus on girl,girl focus,main subject girl,nipples","leaning back,natural body curve,sitting on the boy,","completely nude man,simple man,no face,no detail man,no hair,penetrating,hugging,sitting on the bath edge","outdoor,onsen,natural hot spring pool,surrounding autumn foliage,","smooth stone bath edges,rising warm steam,surrounding autumn foliage,red and orange maple leaves,soft moonlight illuminating the scene","hot spring poolside","no accessory,less accessory,white bath towel wrapped around body,secure towel fit,wet body,,",",","2","struggle,looking at viewer,dripping semen,forsed orgasm,squirting,penetrated,crying,terror,sad,tear,embarrassed,heavy breath,screaming,","open clothes,pull up bra,","","1","3","16","119"
"背面座位(reverse upright straddle)","masterpiece,best quality,very aesthetic,absurdres,high resolution","game cg,anime coloring,soft lighting,thin lines,pastel colors,depth of field","nsfw,mosaic censoring","1 girl,reverse upright straddle,","girl focus,focus on girl,main subject,portrait,close-up,man partially visible,straight-on","focus on girl,girl focus,main subject girl,nipples","leaning back,natural body curve,sitting on the boy,legs together,closing legs","completely nude man,simple man,no face,no detail man,no hair,penetrating,hugging,sitting on the bath edge","outdoor,onsen,natural hot spring pool,surrounding autumn foliage,","smooth stone bath edges,rising warm steam,surrounding autumn foliage,red and orange maple leaves,soft moonlight illuminating the scene","hot spring poolside","no accessory,less accessory,white bath towel wrapped around body,secure towel fit,wet body,,",",","2","struggle,looking at viewer,dripping semen,forsed orgasm,squirting,penetrated,crying,terror,sad,tear,embarrassed,heavy breath,screaming,","open clothes,pull up bra,","","1","3","16","120"
"事後","masterpiece,best quality,very aesthetic,absurdres,high resolution","game cg,anime coloring,soft lighting,thin lines,pastel colors,depth of field","nsfw,mosaic censoring","1 girl,solo,after sex,","girl focus,focus on girl,main subject,portrait,close-up,boy partially visible,dutch-angle,from below","focus on girl,girl focus,main subject girl,feet out of frame,nipples","looking at viewer,facing viewer,leaning back,m legs,dripping semen,crying,terror,sad,tear,embarrassed,heavy breath,screaming,","","outdoor,onsen,natural hot spring pool,surrounding autumn foliage,","smooth stone bath edges,rising warm steam,surrounding autumn foliage,red and orange maple leaves,soft moonlight illuminating the scene","hot spring poolside","no accessory,less accessory,white bath towel wrapped around body,secure towel fit,wet body,,",",","2","","open clothes,pull up bra,","","2","3","6","132"
"事後","masterpiece,best quality,very aesthetic,absurdres,high resolution","game cg,anime coloring,soft lighting,thin lines,pastel colors,depth of field","nsfw,mosaic censoring","1 girl,solo,after sex,","girl focus,focus on girl,main subject,portrait,close-up,from behind,facial,ass focus,","focus on girl,girl focus,main subject girl,nipples","Squinting,nipples,breasts,The chin is touching the floor,The body is facing the floor,top-down bottom-up.,the head put on the floor,looking back,facing back,leaning forward,all fours,dripping semen,grabbing floor,crying,terror,sad,tear,embarrassed,heavy breath,","","outdoor,onsen,natural hot spring pool,surrounding autumn foliage,","smooth stone bath edges,rising warm steam,surrounding autumn foliage,red and orange maple leaves,soft moonlight illuminating the scene","hot spring poolside","no accessory,less accessory,white bath towel wrapped around body,secure towel fit,wet body,,",",","2","","open clothes,pull up bra,","","2","3","6","133"
"事後","masterpiece,best quality,very aesthetic,absurdres,high resolution","game cg,anime coloring,soft lighting,thin lines,pastel colors,depth of field","nsfw,mosaic censoring","1 girl,solo,after sex,","girl focus,focus on girl,main subject,portrait,close-up,face between the legs,from below,feet out of frame,","focus on girl,girl focus,main subject girl,nipples","Squinting,nipples,breasts,The chin is touching the floor,The body is facing the floor,top-down bottom-up.,the head put on the floor,looking back,facing back,leaning forward,all fours,dripping semen,crying,terror,sad,tear,embarrassed,heavy breath,","","outdoor,onsen,natural hot spring pool,surrounding autumn foliage,","smooth stone bath edges,rising warm steam,surrounding autumn foliage,red and orange maple leaves,soft moonlight illuminating the scene","hot spring poolside","no accessory,less accessory,white bath towel wrapped around body,secure towel fit,wet body,,",",","2","","open clothes,pull up bra,","2","2","3","6","134"
"事後","masterpiece,best quality,very aesthetic,absurdres,high resolution","game cg,anime coloring,soft lighting,thin lines,pastel colors,depth of field","nsfw,mosaic censoring","1 girl,solo,after sex,","girl focus,focus on girl,main subject,portrait,close-up,from behind,","focus on girl,girl focus,main subject girl,nipples","wariza,ass focus,Squinting,looking back,facing back,dripping semen,tired,terror,sad,tear,embarrassed,heavy breath,","","outdoor,onsen,natural hot spring pool,surrounding autumn foliage,","smooth stone bath edges,rising warm steam,surrounding autumn foliage,red and orange maple leaves,soft moonlight illuminating the scene","hot spring poolside","no accessory,less accessory,white bath towel wrapped around body,secure towel fit,wet body,,",",","2","","open clothes,pull up bra,","","2","3","6","135"
"事後","masterpiece,best quality,very aesthetic,absurdres,high resolution","game cg,anime coloring,soft lighting,thin lines,pastel colors,depth of field","nsfw,mosaic censoring","1 girl,solo,after sex,","girl focus,focus on girl,main subject,portrait,close-up,from above,","focus on girl,girl focus,main subject girl,nipples","wariza,face focus,Squinting,upward gaze,dripping semen,tired,terror,sad,tear,embarrassed,heavy breath,","","outdoor,onsen,natural hot spring pool,surrounding autumn foliage,","smooth stone bath edges,rising warm steam,surrounding autumn foliage,red and orange maple leaves,soft moonlight illuminating the scene","hot spring poolside","no accessory,less accessory,white bath towel wrapped around body,secure towel fit,wet body,,",",","2","","open clothes,pull up bra,","","2","3","6","136"
"事後","masterpiece,best quality,very aesthetic,absurdres,high resolution","game cg,anime coloring,soft lighting,thin lines,pastel colors,depth of field","nsfw,mosaic censoring","1 girl,solo,after sex,","girl focus,focus on girl,main subject,portrait,close-up,breast focus,dutch-angle,full bosy shot,from above,","focus on girl,girl focus,main subject girl,nipples","the head on the floor,lying on back on the floor,tired,heavy breath,tears,blush,Throw up one's hands,","","outdoor,onsen,natural hot spring pool,surrounding autumn foliage,","","hot spring poolside","no accessory,less accessory,white bath towel wrapped around body,secure towel fit,wet body,,",",","2","","open clothes,pull up bra,","","2","3","6","137"
"事後","masterpiece,best quality,very aesthetic,absurdres,high resolution","game cg,anime coloring,soft lighting,thin lines,pastel colors,depth of field","nsfw,mosaic censoring","1 girl,solo,after sex,","girl focus,focus on girl,main subject,portrait,close-up,breast focus,dutch-angle,full bosy shot,from above,","focus on girl,girl focus,main subject girl,nipples","facial,bukkake,empty eyes,the head on the floor,lying on back on the floor,tired,heavy breath,tears,blush,Throw up one's hands,m legs,","","outdoor,onsen,natural hot spring pool,surrounding autumn foliage,","","hot spring poolside","no accessory,less accessory,white bath towel wrapped around body,secure towel fit,wet body,,",",","2","","open clothes,pull up bra,","","2","3","6","138"
"ノーマル","masterpiece,best quality,very aesthetic,absurdres,high resolution","game cg,anime coloring,soft lighting,thin lines,pastel colors,depth of field","","girl,solo","girl focus,focus on girl,main subject,portrait,close-up,dutch-angle,from side,face focus,","focus on girl,girl focus,main subject girl,","sitting onbath edge,feet near water surface,hands on the knee,leaning forward,sideways glance at viewer","","outdoor,onsen,natural hot spring pool,surrounding autumn foliage,","smooth stone bath edges,rising warm steam,surrounding autumn foliage,red and orange maple leaves,soft moonlight illuminating the scene","hot spring poolside","no accessory,less accessory,white bath towel wrapped around body,secure towel fit,wet body,",",","2","","","","2","1","8","145"
"ノーマル温泉","masterpiece,best quality,very aesthetic,absurdres,high resolution","game cg,anime coloring,soft lighting,thin lines,pastel colors,depth of field","","girl,solo","girl focus,focus on girl,main subject,portrait,close-up,upper body shot,","girl,cropped torso","blush,curious expression,soaking in hot spring water,water level up to chest,","","outdoor,onsen,natural hot spring pool,surrounding autumn foliage,","smooth stone bath edges,rising warm steam,surrounding autumn foliage,red and orange maple leaves,soft moonlight illuminating the scene","hot spring poolside","no accessory,less accessory,white bath towel wrapped around body,secure towel fit,wet body,","","","","","","2","1","1","146"
"ノーマル温泉後ろ","masterpiece,best quality,very aesthetic,absurdres,high resolution","game cg,anime coloring,soft lighting,thin lines,pastel colors,depth of field","","girl,solo","girl focus,focus on girl,main subject,portrait,close-up,upper body shot,from behind","girl,cropped torso","blush,surprised,soaking in hot spring water,water level up to chest,leaning back,looking back","","outdoor,onsen,natural hot spring pool,surrounding autumn foliage,","smooth stone bath edges,rising warm steam,surrounding autumn foliage,red and orange maple leaves,soft moonlight illuminating the scene","hot spring poolside","no accessory,less accessory,white bath towel wrapped around body,secure towel fit,wet body,","","","","","","2","1","1","147"
"四つん這いフェラ","masterpiece,best quality,very aesthetic,absurdres,high resolution","game cg,anime coloring,soft lighting,thin lines,pastel colors,depth of field","nsfw,mosaic censoring","1 girl,solo,","face focus,girl focus,focus on girl,main subject,portrait,close-up,man partially visible,from above,back shot,","focus on girl,girl focus,main subject girl","","completely nude man,pov crotch,simple man,man pov,no detail man,penis,kneeling in front of the girl,grabbing head,","outdoor,onsen,natural hot spring pool,surrounding autumn foliage,","","hot spring poolside","no accessory,less accessory,white bath towel wrapped around body,secure towel fit,wet body,,",",","2","tears,sad,fellatio,all fours,","open clothes,pull up bra,","2","3","3","16","172"
"四つん這いフェラ","masterpiece,best quality,very aesthetic,absurdres,high resolution","game cg,anime coloring,soft lighting,thin lines,pastel colors,depth of field","nsfw,mosaic censoring","1 girl,solo,","girl focus,focus on girl,main subject,portrait,close-up,man partially visible,from above,side shot,side view,","focus on girl,girl focus,main subject girl","","completely nude man,pov crotch,simple man,no face,no detail man,no hair,penis,kneeling in front of the girl,grabbing head,","outdoor,onsen,natural hot spring pool,surrounding autumn foliage,","","hot spring poolside","no accessory,less accessory,white bath towel wrapped around body,secure towel fit,wet body,,",",","2","tears,sad,fellatio,all fours,","open clothes,pull up bra,","3","1","3","16","173"
"四つん這いフェラ(後ろから)","masterpiece,best quality,very aesthetic,absurdres,high resolution","game cg,anime coloring,soft lighting,thin lines,pastel colors,depth of field","nsfw,mosaic censoring","1 girl,solo,","ass focus,girl focus,focus on girl,main subject,portrait,close-up,man partially visible,from behind,back shot,","focus on girl,girl focus,main subject girl","","completely nude man,simple man,no face,no detail man,no hair,penis,kneeling in front of the girl,grabbing head,","outdoor,onsen,natural hot spring pool,surrounding autumn foliage,","","hot spring poolside","no accessory,less accessory,white bath towel wrapped around body,secure towel fit,wet body,,",",","2","looking ahead,tears,fellatio,all fours,","open clothes,pull up bra,","3","1","3","16","174"
